{
  "Total" : {
    "transaction" : "Total",
    "sampleCount" : 35498,
    "errorCount" : 0,
    "errorPct" : 0.0,
    "meanResTime" : 1648.2205194658914,
    "medianResTime" : 1134.0,
    "minResTime" : 1105.0,
    "maxResTime" : 16353.0,
    "pct1ResTime" : 1392.0,
    "pct2ResTime" : 1584.0,
    "pct3ResTime" : 5370.990000000002,
    "throughput" : 116.13367575613826,
    "receivedKBytesPerSec" : 75.79707742749414,
    "sentKBytesPerSec" : 61.58260345271784
  },
  "HTTP Request" : {
    "transaction" : "HTTP Request",
    "sampleCount" : 35498,
    "errorCount" : 0,
    "errorPct" : 0.0,
    "meanResTime" : 1648.2205194658914,
    "medianResTime" : 1134.0,
    "minResTime" : 1105.0,
    "maxResTime" : 16353.0,
    "pct1ResTime" : 1392.0,
    "pct2ResTime" : 1584.0,
    "pct3ResTime" : 5370.990000000002,
    "throughput" : 116.13367575613826,
    "receivedKBytesPerSec" : 75.79707742749414,
    "sentKBytesPerSec" : 61.58260345271784
  }
}