{
  "Total" : {
    "transaction" : "Total",
    "sampleCount" : 1200,
    "errorCount" : 0,
    "errorPct" : 0.0,
    "meanResTime" : 2752.0724999999975,
    "medianResTime" : 2755.0,
    "minResTime" : 2407.0,
    "maxResTime" : 3049.0,
    "pct1ResTime" : 2849.8,
    "pct2ResTime" : 2883.95,
    "pct3ResTime" : 2966.99,
    "throughput" : 3.996735998934204,
    "receivedKBytesPerSec" : 2.4563468479908073,
    "sentKBytesPerSec" : 1.9749496244733467
  },
  "HTTP Request" : {
    "transaction" : "HTTP Request",
    "sampleCount" : 1200,
    "errorCount" : 0,
    "errorPct" : 0.0,
    "meanResTime" : 2752.0724999999975,
    "medianResTime" : 2755.0,
    "minResTime" : 2407.0,
    "maxResTime" : 3049.0,
    "pct1ResTime" : 2849.8,
    "pct2ResTime" : 2883.95,
    "pct3ResTime" : 2966.99,
    "throughput" : 3.996735998934204,
    "receivedKBytesPerSec" : 2.4563468479908073,
    "sentKBytesPerSec" : 1.9749496244733467
  }
}