{
  "Total" : {
    "transaction" : "Total",
    "sampleCount" : 130292,
    "errorCount" : 394,
    "errorPct" : 0.3023977,
    "meanResTime" : 4643.090443004939,
    "medianResTime" : 249.0,
    "minResTime" : 5.0,
    "maxResTime" : 209350.0,
    "pct1ResTime" : 4564.0,
    "pct2ResTime" : 25188.95,
    "pct3ResTime" : 128183.0,
    "throughput" : 385.51122578201745,
    "receivedKBytesPerSec" : 271.4365599258223,
    "sentKBytesPerSec" : 189.1700255494538
  },
  "HTTP Request" : {
    "transaction" : "HTTP Request",
    "sampleCount" : 130292,
    "errorCount" : 394,
    "errorPct" : 0.3023977,
    "meanResTime" : 4643.090443004939,
    "medianResTime" : 249.0,
    "minResTime" : 5.0,
    "maxResTime" : 209350.0,
    "pct1ResTime" : 4564.0,
    "pct2ResTime" : 25188.95,
    "pct3ResTime" : 128183.0,
    "throughput" : 385.51122578201745,
    "receivedKBytesPerSec" : 271.4365599258223,
    "sentKBytesPerSec" : 189.1700255494538
  }
}