{
  "Total" : {
    "transaction" : "Total",
    "sampleCount" : 3000,
    "errorCount" : 0,
    "errorPct" : 0.0,
    "meanResTime" : 3309.4266666666617,
    "medianResTime" : 2971.5,
    "minResTime" : 2377.0,
    "maxResTime" : 7395.0,
    "pct1ResTime" : 4570.6,
    "pct2ResTime" : 4992.95,
    "pct3ResTime" : 5950.279999999984,
    "throughput" : 10.017497228492434,
    "receivedKBytesPerSec" : 6.156580316536217,
    "sentKBytesPerSec" : 4.950052341423019
  },
  "HTTP Request" : {
    "transaction" : "HTTP Request",
    "sampleCount" : 3000,
    "errorCount" : 0,
    "errorPct" : 0.0,
    "meanResTime" : 3309.4266666666617,
    "medianResTime" : 2971.5,
    "minResTime" : 2377.0,
    "maxResTime" : 7395.0,
    "pct1ResTime" : 4570.6,
    "pct2ResTime" : 4992.95,
    "pct3ResTime" : 5950.279999999984,
    "throughput" : 10.017497228492434,
    "receivedKBytesPerSec" : 6.156580316536217,
    "sentKBytesPerSec" : 4.950052341423019
  }
}