{
  "Total" : {
    "transaction" : "Total",
    "sampleCount" : 30000,
    "errorCount" : 0,
    "errorPct" : 0.0,
    "meanResTime" : 1341.5385666666673,
    "medianResTime" : 1126.0,
    "minResTime" : 1095.0,
    "maxResTime" : 10245.0,
    "pct1ResTime" : 1419.0,
    "pct2ResTime" : 1658.9500000000007,
    "pct3ResTime" : 5545.960000000006,
    "throughput" : 98.55129594954174,
    "receivedKBytesPerSec" : 64.32185159406721,
    "sentKBytesPerSec" : 52.25913447324332
  },
  "HTTP Request" : {
    "transaction" : "HTTP Request",
    "sampleCount" : 30000,
    "errorCount" : 0,
    "errorPct" : 0.0,
    "meanResTime" : 1341.5385666666673,
    "medianResTime" : 1126.0,
    "minResTime" : 1095.0,
    "maxResTime" : 10245.0,
    "pct1ResTime" : 1419.0,
    "pct2ResTime" : 1658.9500000000007,
    "pct3ResTime" : 5545.960000000006,
    "throughput" : 98.55129594954174,
    "receivedKBytesPerSec" : 64.32185159406721,
    "sentKBytesPerSec" : 52.25913447324332
  }
}