{
  "Total" : {
    "transaction" : "Total",
    "sampleCount" : 2400,
    "errorCount" : 0,
    "errorPct" : 0.0,
    "meanResTime" : 2073.6354166666624,
    "medianResTime" : 2043.0,
    "minResTime" : 1799.0,
    "maxResTime" : 3489.0,
    "pct1ResTime" : 2197.9,
    "pct2ResTime" : 2392.8499999999995,
    "pct3ResTime" : 2922.8399999999965,
    "throughput" : 7.947914665889536,
    "receivedKBytesPerSec" : 4.884762610898247,
    "sentKBytesPerSec" : 3.927387520449322
  },
  "HTTP Request" : {
    "transaction" : "HTTP Request",
    "sampleCount" : 2400,
    "errorCount" : 0,
    "errorPct" : 0.0,
    "meanResTime" : 2073.6354166666624,
    "medianResTime" : 2043.0,
    "minResTime" : 1799.0,
    "maxResTime" : 3489.0,
    "pct1ResTime" : 2197.9,
    "pct2ResTime" : 2392.8499999999995,
    "pct3ResTime" : 2922.8399999999965,
    "throughput" : 7.947914665889536,
    "receivedKBytesPerSec" : 4.884762610898247,
    "sentKBytesPerSec" : 3.927387520449322
  }
}