{
  "Total" : {
    "transaction" : "Total",
    "sampleCount" : 3000,
    "errorCount" : 0,
    "errorPct" : 0.0,
    "meanResTime" : 2876.8023333333263,
    "medianResTime" : 2686.0,
    "minResTime" : 2433.0,
    "maxResTime" : 14512.0,
    "pct1ResTime" : 2928.9,
    "pct2ResTime" : 3501.0,
    "pct3ResTime" : 7797.739999999994,
    "throughput" : 9.853705321657788,
    "receivedKBytesPerSec" : 6.431316517643059,
    "sentKBytesPerSec" : 5.244403711233881
  },
  "HTTP Request" : {
    "transaction" : "HTTP Request",
    "sampleCount" : 3000,
    "errorCount" : 0,
    "errorPct" : 0.0,
    "meanResTime" : 2876.8023333333263,
    "medianResTime" : 2686.0,
    "minResTime" : 2433.0,
    "maxResTime" : 14512.0,
    "pct1ResTime" : 2928.9,
    "pct2ResTime" : 3501.0,
    "pct3ResTime" : 7797.739999999994,
    "throughput" : 9.853705321657788,
    "receivedKBytesPerSec" : 6.431316517643059,
    "sentKBytesPerSec" : 5.244403711233881
  }
}