{
  "Total" : {
    "transaction" : "Total",
    "sampleCount" : 20100,
    "errorCount" : 32,
    "errorPct" : 0.15920398,
    "meanResTime" : 10711.316666666573,
    "medianResTime" : 6150.0,
    "minResTime" : 9.0,
    "maxResTime" : 139191.0,
    "pct1ResTime" : 19524.0,
    "pct2ResTime" : 37158.80000000003,
    "pct3ResTime" : 132564.25000000125,
    "throughput" : 64.04312874580613,
    "receivedKBytesPerSec" : 40.9860964080089,
    "sentKBytesPerSec" : 31.471044380932355
  },
  "HTTP Request" : {
    "transaction" : "HTTP Request",
    "sampleCount" : 20100,
    "errorCount" : 32,
    "errorPct" : 0.15920398,
    "meanResTime" : 10711.316666666573,
    "medianResTime" : 6150.0,
    "minResTime" : 9.0,
    "maxResTime" : 139191.0,
    "pct1ResTime" : 19524.0,
    "pct2ResTime" : 37158.80000000003,
    "pct3ResTime" : 132564.25000000125,
    "throughput" : 64.04312874580613,
    "receivedKBytesPerSec" : 40.9860964080089,
    "sentKBytesPerSec" : 31.471044380932355
  }
}