{
  "Total" : {
    "transaction" : "Total",
    "sampleCount" : 10200,
    "errorCount" : 0,
    "errorPct" : 0.0,
    "meanResTime" : 2428.3601960784267,
    "medianResTime" : 1226.5,
    "minResTime" : 141.0,
    "maxResTime" : 10936.0,
    "pct1ResTime" : 6056.0,
    "pct2ResTime" : 7222.0,
    "pct3ResTime" : 9581.949999999999,
    "throughput" : 33.93495799717209,
    "receivedKBytesPerSec" : 20.951457622889464,
    "sentKBytesPerSec" : 16.702362139233138
  },
  "HTTP Request" : {
    "transaction" : "HTTP Request",
    "sampleCount" : 10200,
    "errorCount" : 0,
    "errorPct" : 0.0,
    "meanResTime" : 2428.3601960784267,
    "medianResTime" : 1226.5,
    "minResTime" : 141.0,
    "maxResTime" : 10936.0,
    "pct1ResTime" : 6056.0,
    "pct2ResTime" : 7222.0,
    "pct3ResTime" : 9581.949999999999,
    "throughput" : 33.93495799717209,
    "receivedKBytesPerSec" : 20.951457622889464,
    "sentKBytesPerSec" : 16.702362139233138
  }
}