{
  "Total" : {
    "transaction" : "Total",
    "sampleCount" : 600,
    "errorCount" : 0,
    "errorPct" : 0.0,
    "meanResTime" : 4265.043333333329,
    "medianResTime" : 4108.5,
    "minResTime" : 3772.0,
    "maxResTime" : 10418.0,
    "pct1ResTime" : 4380.5,
    "pct2ResTime" : 4873.999999999998,
    "pct3ResTime" : 9112.84,
    "throughput" : 1.987452549570379,
    "receivedKBytesPerSec" : 1.2971621454881515,
    "sentKBytesPerSec" : 1.0577750385897036
  },
  "HTTP Request" : {
    "transaction" : "HTTP Request",
    "sampleCount" : 600,
    "errorCount" : 0,
    "errorPct" : 0.0,
    "meanResTime" : 4265.043333333329,
    "medianResTime" : 4108.5,
    "minResTime" : 3772.0,
    "maxResTime" : 10418.0,
    "pct1ResTime" : 4380.5,
    "pct2ResTime" : 4873.999999999998,
    "pct3ResTime" : 9112.84,
    "throughput" : 1.987452549570379,
    "receivedKBytesPerSec" : 1.2971621454881515,
    "sentKBytesPerSec" : 1.0577750385897036
  }
}