{
  "Total" : {
    "transaction" : "Total",
    "sampleCount" : 55219,
    "errorCount" : 2,
    "errorPct" : 0.0036219417,
    "meanResTime" : 1475.2283090965159,
    "medianResTime" : 1130.0,
    "minResTime" : 11.0,
    "maxResTime" : 14613.0,
    "pct1ResTime" : 1586.0,
    "pct2ResTime" : 1968.0,
    "pct3ResTime" : 5252.980000000003,
    "throughput" : 180.13694831652742,
    "receivedKBytesPerSec" : 117.59216277333391,
    "sentKBytesPerSec" : 95.51837905923064
  },
  "HTTP Request" : {
    "transaction" : "HTTP Request",
    "sampleCount" : 55219,
    "errorCount" : 2,
    "errorPct" : 0.0036219417,
    "meanResTime" : 1475.2283090965159,
    "medianResTime" : 1130.0,
    "minResTime" : 11.0,
    "maxResTime" : 14613.0,
    "pct1ResTime" : 1586.0,
    "pct2ResTime" : 1968.0,
    "pct3ResTime" : 5252.980000000003,
    "throughput" : 180.13694831652742,
    "receivedKBytesPerSec" : 117.59216277333391,
    "sentKBytesPerSec" : 95.51837905923064
  }
}