{
  "Total" : {
    "transaction" : "Total",
    "sampleCount" : 1208,
    "errorCount" : 0,
    "errorPct" : 0.0,
    "meanResTime" : 2768.8716887417213,
    "medianResTime" : 2626.0,
    "minResTime" : 2461.0,
    "maxResTime" : 9060.0,
    "pct1ResTime" : 2831.2000000000003,
    "pct2ResTime" : 3263.249999999999,
    "pct3ResTime" : 7456.64,
    "throughput" : 3.998742117545805,
    "receivedKBytesPerSec" : 2.609724641669011,
    "sentKBytesPerSec" : 2.1282367715453745
  },
  "HTTP Request" : {
    "transaction" : "HTTP Request",
    "sampleCount" : 1208,
    "errorCount" : 0,
    "errorPct" : 0.0,
    "meanResTime" : 2768.8716887417213,
    "medianResTime" : 2626.0,
    "minResTime" : 2461.0,
    "maxResTime" : 9060.0,
    "pct1ResTime" : 2831.2000000000003,
    "pct2ResTime" : 3263.249999999999,
    "pct3ResTime" : 7456.64,
    "throughput" : 3.998742117545805,
    "receivedKBytesPerSec" : 2.609724641669011,
    "sentKBytesPerSec" : 2.1282367715453745
  }
}