{
  "Total" : {
    "transaction" : "Total",
    "sampleCount" : 2400,
    "errorCount" : 0,
    "errorPct" : 0.0,
    "meanResTime" : 2147.634166666667,
    "medianResTime" : 1952.0,
    "minResTime" : 1794.0,
    "maxResTime" : 9101.0,
    "pct1ResTime" : 2230.9,
    "pct2ResTime" : 2946.7999999999993,
    "pct3ResTime" : 6881.899999999998,
    "throughput" : 8.009370964027912,
    "receivedKBytesPerSec" : 5.227154181851099,
    "sentKBytesPerSec" : 4.2627999759718875
  },
  "HTTP Request" : {
    "transaction" : "HTTP Request",
    "sampleCount" : 2400,
    "errorCount" : 0,
    "errorPct" : 0.0,
    "meanResTime" : 2147.634166666667,
    "medianResTime" : 1952.0,
    "minResTime" : 1794.0,
    "maxResTime" : 9101.0,
    "pct1ResTime" : 2230.9,
    "pct2ResTime" : 2946.7999999999993,
    "pct3ResTime" : 6881.899999999998,
    "throughput" : 8.009370964027912,
    "receivedKBytesPerSec" : 5.227154181851099,
    "sentKBytesPerSec" : 4.2627999759718875
  }
}