{
  "Total" : {
    "transaction" : "Total",
    "sampleCount" : 90304,
    "errorCount" : 323,
    "errorPct" : 0.3576807,
    "meanResTime" : 6421.672605864724,
    "medianResTime" : 205.0,
    "minResTime" : 8.0,
    "maxResTime" : 254777.0,
    "pct1ResTime" : 14525.800000000003,
    "pct2ResTime" : 40629.95,
    "pct3ResTime" : 239751.0,
    "throughput" : 225.55023827840108,
    "receivedKBytesPerSec" : 158.81205820383917,
    "sentKBytesPerSec" : 110.61593577348066
  },
  "HTTP Request" : {
    "transaction" : "HTTP Request",
    "sampleCount" : 90304,
    "errorCount" : 323,
    "errorPct" : 0.3576807,
    "meanResTime" : 6421.672605864724,
    "medianResTime" : 205.0,
    "minResTime" : 8.0,
    "maxResTime" : 254777.0,
    "pct1ResTime" : 14525.800000000003,
    "pct2ResTime" : 40629.95,
    "pct3ResTime" : 239751.0,
    "throughput" : 225.55023827840108,
    "receivedKBytesPerSec" : 158.81205820383917,
    "sentKBytesPerSec" : 110.61593577348066
  }
}