{
  "Total" : {
    "transaction" : "Total",
    "sampleCount" : 150074,
    "errorCount" : 4,
    "errorPct" : 0.0026653518,
    "meanResTime" : 1949.042239162011,
    "medianResTime" : 1506.0,
    "minResTime" : 1093.0,
    "maxResTime" : 14508.0,
    "pct1ResTime" : 3373.0,
    "pct2ResTime" : 3828.0,
    "pct3ResTime" : 4900.980000000003,
    "throughput" : 487.4241617190443,
    "receivedKBytesPerSec" : 318.13340227153515,
    "sentKBytesPerSec" : 258.4646412134775
  },
  "HTTP Request" : {
    "transaction" : "HTTP Request",
    "sampleCount" : 150074,
    "errorCount" : 4,
    "errorPct" : 0.0026653518,
    "meanResTime" : 1949.042239162011,
    "medianResTime" : 1506.0,
    "minResTime" : 1093.0,
    "maxResTime" : 14508.0,
    "pct1ResTime" : 3373.0,
    "pct2ResTime" : 3828.0,
    "pct3ResTime" : 4900.980000000003,
    "throughput" : 487.4241617190443,
    "receivedKBytesPerSec" : 318.13340227153515,
    "sentKBytesPerSec" : 258.4646412134775
  }
}