{
  "Total" : {
    "transaction" : "Total",
    "sampleCount" : 159834,
    "errorCount" : 2742,
    "errorPct" : 1.7155299,
    "meanResTime" : 2492.7423264136387,
    "medianResTime" : 1123.0,
    "minResTime" : 0.0,
    "maxResTime" : 34911.0,
    "pct1ResTime" : 2056.0,
    "pct2ResTime" : 2608.850000000002,
    "pct3ResTime" : 8784.88000000002,
    "throughput" : 525.6141273964945,
    "receivedKBytesPerSec" : 370.34795093044005,
    "sentKBytesPerSec" : 274.4747905636489
  },
  "HTTP Request" : {
    "transaction" : "HTTP Request",
    "sampleCount" : 159834,
    "errorCount" : 2742,
    "errorPct" : 1.7155299,
    "meanResTime" : 2492.7423264136387,
    "medianResTime" : 1123.0,
    "minResTime" : 0.0,
    "maxResTime" : 34911.0,
    "pct1ResTime" : 2056.0,
    "pct2ResTime" : 2608.850000000002,
    "pct3ResTime" : 8784.88000000002,
    "throughput" : 525.6141273964945,
    "receivedKBytesPerSec" : 370.34795093044005,
    "sentKBytesPerSec" : 274.4747905636489
  }
}