{
  "Total" : {
    "transaction" : "Total",
    "sampleCount" : 80240,
    "errorCount" : 9,
    "errorPct" : 0.011216351,
    "meanResTime" : 1273.547096211364,
    "medianResTime" : 1108.0,
    "minResTime" : 39.0,
    "maxResTime" : 12196.0,
    "pct1ResTime" : 1399.0,
    "pct2ResTime" : 1498.0,
    "pct3ResTime" : 1760.9900000000016,
    "throughput" : 261.47965418468465,
    "receivedKBytesPerSec" : 170.64810483056286,
    "sentKBytesPerSec" : 138.65571506082398
  },
  "HTTP Request" : {
    "transaction" : "HTTP Request",
    "sampleCount" : 80240,
    "errorCount" : 9,
    "errorPct" : 0.011216351,
    "meanResTime" : 1273.547096211364,
    "medianResTime" : 1108.0,
    "minResTime" : 39.0,
    "maxResTime" : 12196.0,
    "pct1ResTime" : 1399.0,
    "pct2ResTime" : 1498.0,
    "pct3ResTime" : 1760.9900000000016,
    "throughput" : 261.47965418468465,
    "receivedKBytesPerSec" : 170.64810483056286,
    "sentKBytesPerSec" : 138.65571506082398
  }
}