{
  "Total" : {
    "transaction" : "Total",
    "sampleCount" : 175318,
    "errorCount" : 1185,
    "errorPct" : 0.67591465,
    "meanResTime" : 2243.246255375924,
    "medianResTime" : 1498.0,
    "minResTime" : 37.0,
    "maxResTime" : 31651.0,
    "pct1ResTime" : 9770.500000000007,
    "pct2ResTime" : 15396.850000000002,
    "pct3ResTime" : 20149.69000000005,
    "throughput" : 549.1111138951878,
    "receivedKBytesPerSec" : 357.05100722513595,
    "sentKBytesPerSec" : 291.1474815529902
  },
  "HTTP Request" : {
    "transaction" : "HTTP Request",
    "sampleCount" : 175318,
    "errorCount" : 1185,
    "errorPct" : 0.67591465,
    "meanResTime" : 2243.246255375924,
    "medianResTime" : 1498.0,
    "minResTime" : 37.0,
    "maxResTime" : 31651.0,
    "pct1ResTime" : 9770.500000000007,
    "pct2ResTime" : 15396.850000000002,
    "pct3ResTime" : 20149.69000000005,
    "throughput" : 549.1111138951878,
    "receivedKBytesPerSec" : 357.05100722513595,
    "sentKBytesPerSec" : 291.1474815529902
  }
}