{
  "Total" : {
    "transaction" : "Total",
    "sampleCount" : 110285,
    "errorCount" : 320,
    "errorPct" : 0.29015732,
    "meanResTime" : 5174.919952849451,
    "medianResTime" : 225.0,
    "minResTime" : 3.0,
    "maxResTime" : 211104.0,
    "pct1ResTime" : 8500.900000000001,
    "pct2ResTime" : 25468.0,
    "pct3ResTime" : 100258.97,
    "throughput" : 277.13419843798687,
    "receivedKBytesPerSec" : 194.9862486940819,
    "sentKBytesPerSec" : 136.0062079404847
  },
  "HTTP Request" : {
    "transaction" : "HTTP Request",
    "sampleCount" : 110285,
    "errorCount" : 320,
    "errorPct" : 0.29015732,
    "meanResTime" : 5174.919952849451,
    "medianResTime" : 225.0,
    "minResTime" : 3.0,
    "maxResTime" : 211104.0,
    "pct1ResTime" : 8500.900000000001,
    "pct2ResTime" : 25468.0,
    "pct3ResTime" : 100258.97,
    "throughput" : 277.13419843798687,
    "receivedKBytesPerSec" : 194.9862486940819,
    "sentKBytesPerSec" : 136.0062079404847
  }
}