{
  "Total" : {
    "transaction" : "Total",
    "sampleCount" : 60159,
    "errorCount" : 1,
    "errorPct" : 0.0016622617,
    "meanResTime" : 1368.7880948818963,
    "medianResTime" : 1129.0,
    "minResTime" : 39.0,
    "maxResTime" : 12625.0,
    "pct1ResTime" : 1439.0,
    "pct2ResTime" : 1488.9500000000007,
    "pct3ResTime" : 2110.9400000000096,
    "throughput" : 198.44762294324883,
    "receivedKBytesPerSec" : 129.51908365509584,
    "sentKBytesPerSec" : 105.23150318182043
  },
  "HTTP Request" : {
    "transaction" : "HTTP Request",
    "sampleCount" : 60159,
    "errorCount" : 1,
    "errorPct" : 0.0016622617,
    "meanResTime" : 1368.7880948818963,
    "medianResTime" : 1129.0,
    "minResTime" : 39.0,
    "maxResTime" : 12625.0,
    "pct1ResTime" : 1439.0,
    "pct2ResTime" : 1488.9500000000007,
    "pct3ResTime" : 2110.9400000000096,
    "throughput" : 198.44762294324883,
    "receivedKBytesPerSec" : 129.51908365509584,
    "sentKBytesPerSec" : 105.23150318182043
  }
}