{
  "Total" : {
    "transaction" : "Total",
    "sampleCount" : 60190,
    "errorCount" : 5,
    "errorPct" : 0.008307028,
    "meanResTime" : 1298.8490114637234,
    "medianResTime" : 1114.0,
    "minResTime" : 39.0,
    "maxResTime" : 12556.0,
    "pct1ResTime" : 1428.0,
    "pct2ResTime" : 1527.0,
    "pct3ResTime" : 5008.960000000006,
    "throughput" : 195.79332240351835,
    "receivedKBytesPerSec" : 127.78316309882211,
    "sentKBytesPerSec" : 103.82399811045944
  },
  "HTTP Request" : {
    "transaction" : "HTTP Request",
    "sampleCount" : 60190,
    "errorCount" : 5,
    "errorPct" : 0.008307028,
    "meanResTime" : 1298.8490114637234,
    "medianResTime" : 1114.0,
    "minResTime" : 39.0,
    "maxResTime" : 12556.0,
    "pct1ResTime" : 1428.0,
    "pct2ResTime" : 1527.0,
    "pct3ResTime" : 5008.960000000006,
    "throughput" : 195.79332240351835,
    "receivedKBytesPerSec" : 127.78316309882211,
    "sentKBytesPerSec" : 103.82399811045944
  }
}