{
  "Total" : {
    "transaction" : "Total",
    "sampleCount" : 4200,
    "errorCount" : 0,
    "errorPct" : 0.0,
    "meanResTime" : 3263.0309523809556,
    "medianResTime" : 2756.0,
    "minResTime" : 2491.0,
    "maxResTime" : 22726.0,
    "pct1ResTime" : 3367.0,
    "pct2ResTime" : 7466.649999999995,
    "pct3ResTime" : 13560.50999999988,
    "throughput" : 13.778216639492962,
    "receivedKBytesPerSec" : 8.993102357182224,
    "sentKBytesPerSec" : 7.333132879417641
  },
  "HTTP Request" : {
    "transaction" : "HTTP Request",
    "sampleCount" : 4200,
    "errorCount" : 0,
    "errorPct" : 0.0,
    "meanResTime" : 3263.0309523809556,
    "medianResTime" : 2756.0,
    "minResTime" : 2491.0,
    "maxResTime" : 22726.0,
    "pct1ResTime" : 3367.0,
    "pct2ResTime" : 7466.649999999995,
    "pct3ResTime" : 13560.50999999988,
    "throughput" : 13.778216639492962,
    "receivedKBytesPerSec" : 8.993102357182224,
    "sentKBytesPerSec" : 7.333132879417641
  }
}