{
  "Total" : {
    "transaction" : "Total",
    "sampleCount" : 903,
    "errorCount" : 0,
    "errorPct" : 0.0,
    "meanResTime" : 1992.9512735326705,
    "medianResTime" : 1996.0,
    "minResTime" : 1829.0,
    "maxResTime" : 2147.0,
    "pct1ResTime" : 2047.6,
    "pct2ResTime" : 2063.0,
    "pct3ResTime" : 2097.84,
    "throughput" : 3.000029900630239,
    "receivedKBytesPerSec" : 1.8437456654468316,
    "sentKBytesPerSec" : 1.4824366501161141
  },
  "HTTP Request" : {
    "transaction" : "HTTP Request",
    "sampleCount" : 903,
    "errorCount" : 0,
    "errorPct" : 0.0,
    "meanResTime" : 1992.9512735326705,
    "medianResTime" : 1996.0,
    "minResTime" : 1829.0,
    "maxResTime" : 2147.0,
    "pct1ResTime" : 2047.6,
    "pct2ResTime" : 2063.0,
    "pct3ResTime" : 2097.84,
    "throughput" : 3.000029900630239,
    "receivedKBytesPerSec" : 1.8437456654468316,
    "sentKBytesPerSec" : 1.4824366501161141
  }
}