{
  "Total" : {
    "transaction" : "Total",
    "sampleCount" : 100452,
    "errorCount" : 248,
    "errorPct" : 0.24688408,
    "meanResTime" : 1453.962559232274,
    "medianResTime" : 1111.0,
    "minResTime" : 37.0,
    "maxResTime" : 16985.0,
    "pct1ResTime" : 1634.0,
    "pct2ResTime" : 1726.0,
    "pct3ResTime" : 2153.9100000000144,
    "throughput" : 333.027221822546,
    "receivedKBytesPerSec" : 217.03621023934716,
    "sentKBytesPerSec" : 176.59548969691647
  },
  "HTTP Request" : {
    "transaction" : "HTTP Request",
    "sampleCount" : 100452,
    "errorCount" : 248,
    "errorPct" : 0.24688408,
    "meanResTime" : 1453.962559232274,
    "medianResTime" : 1111.0,
    "minResTime" : 37.0,
    "maxResTime" : 16985.0,
    "pct1ResTime" : 1634.0,
    "pct2ResTime" : 1726.0,
    "pct3ResTime" : 2153.9100000000144,
    "throughput" : 333.027221822546,
    "receivedKBytesPerSec" : 217.03621023934716,
    "sentKBytesPerSec" : 176.59548969691647
  }
}