{
  "Total" : {
    "transaction" : "Total",
    "sampleCount" : 70343,
    "errorCount" : 0,
    "errorPct" : 0.0,
    "meanResTime" : 1378.3360249065495,
    "medianResTime" : 1127.0,
    "minResTime" : 54.0,
    "maxResTime" : 12314.0,
    "pct1ResTime" : 1448.9000000000015,
    "pct2ResTime" : 1655.9500000000007,
    "pct3ResTime" : 2684.9900000000016,
    "throughput" : 227.91056333692973,
    "receivedKBytesPerSec" : 148.75805643575265,
    "sentKBytesPerSec" : 120.8549178632352
  },
  "HTTP Request" : {
    "transaction" : "HTTP Request",
    "sampleCount" : 70343,
    "errorCount" : 0,
    "errorPct" : 0.0,
    "meanResTime" : 1378.3360249065495,
    "medianResTime" : 1127.0,
    "minResTime" : 54.0,
    "maxResTime" : 12314.0,
    "pct1ResTime" : 1448.9000000000015,
    "pct2ResTime" : 1655.9500000000007,
    "pct3ResTime" : 2684.9900000000016,
    "throughput" : 227.91056333692973,
    "receivedKBytesPerSec" : 148.75805643575265,
    "sentKBytesPerSec" : 120.8549178632352
  }
}