{
  "Total" : {
    "transaction" : "Total",
    "sampleCount" : 65645,
    "errorCount" : 0,
    "errorPct" : 0.0,
    "meanResTime" : 1306.3284941732077,
    "medianResTime" : 1127.0,
    "minResTime" : 1103.0,
    "maxResTime" : 13436.0,
    "pct1ResTime" : 1447.0,
    "pct2ResTime" : 1605.0,
    "pct3ResTime" : 5026.0,
    "throughput" : 215.12018482410576,
    "receivedKBytesPerSec" : 140.40221682935723,
    "sentKBytesPerSec" : 114.07251988231391
  },
  "HTTP Request" : {
    "transaction" : "HTTP Request",
    "sampleCount" : 65645,
    "errorCount" : 0,
    "errorPct" : 0.0,
    "meanResTime" : 1306.3284941732077,
    "medianResTime" : 1127.0,
    "minResTime" : 1103.0,
    "maxResTime" : 13436.0,
    "pct1ResTime" : 1447.0,
    "pct2ResTime" : 1605.0,
    "pct3ResTime" : 5026.0,
    "throughput" : 215.12018482410576,
    "receivedKBytesPerSec" : 140.40221682935723,
    "sentKBytesPerSec" : 114.07251988231391
  }
}