{
  "Total" : {
    "transaction" : "Total",
    "sampleCount" : 15000,
    "errorCount" : 0,
    "errorPct" : 0.0,
    "meanResTime" : 2356.1088000000036,
    "medianResTime" : 1966.0,
    "minResTime" : 16.0,
    "maxResTime" : 9861.0,
    "pct1ResTime" : 4048.0,
    "pct2ResTime" : 5913.1999999999825,
    "pct3ResTime" : 7855.99,
    "throughput" : 50.15397269617727,
    "receivedKBytesPerSec" : 30.952338131187744,
    "sentKBytesPerSec" : 24.734136925360858
  },
  "HTTP Request" : {
    "transaction" : "HTTP Request",
    "sampleCount" : 15000,
    "errorCount" : 0,
    "errorPct" : 0.0,
    "meanResTime" : 2356.1088000000036,
    "medianResTime" : 1966.0,
    "minResTime" : 16.0,
    "maxResTime" : 9861.0,
    "pct1ResTime" : 4048.0,
    "pct2ResTime" : 5913.1999999999825,
    "pct3ResTime" : 7855.99,
    "throughput" : 50.15397269617727,
    "receivedKBytesPerSec" : 30.952338131187744,
    "sentKBytesPerSec" : 24.734136925360858
  }
}