{
  "Total" : {
    "transaction" : "Total",
    "sampleCount" : 1812,
    "errorCount" : 0,
    "errorPct" : 0.0,
    "meanResTime" : 2774.3548565121487,
    "medianResTime" : 2768.0,
    "minResTime" : 2410.0,
    "maxResTime" : 3857.0,
    "pct1ResTime" : 2876.0,
    "pct2ResTime" : 2934.35,
    "pct3ResTime" : 3167.4399999999987,
    "throughput" : 5.986283086437699,
    "receivedKBytesPerSec" : 3.6791278861846366,
    "sentKBytesPerSec" : 2.9580656657592534
  },
  "HTTP Request" : {
    "transaction" : "HTTP Request",
    "sampleCount" : 1812,
    "errorCount" : 0,
    "errorPct" : 0.0,
    "meanResTime" : 2774.3548565121487,
    "medianResTime" : 2768.0,
    "minResTime" : 2410.0,
    "maxResTime" : 3857.0,
    "pct1ResTime" : 2876.0,
    "pct2ResTime" : 2934.35,
    "pct3ResTime" : 3167.4399999999987,
    "throughput" : 5.986283086437699,
    "receivedKBytesPerSec" : 3.6791278861846366,
    "sentKBytesPerSec" : 2.9580656657592534
  }
}