{
  "Total" : {
    "transaction" : "Total",
    "sampleCount" : 338475,
    "errorCount" : 72230,
    "errorPct" : 21.339832,
    "meanResTime" : 2563.1123421227703,
    "medianResTime" : 1512.0,
    "minResTime" : 37.0,
    "maxResTime" : 20264.0,
    "pct1ResTime" : 8888.900000000001,
    "pct2ResTime" : 10079.0,
    "pct3ResTime" : 10948.990000000002,
    "throughput" : 1087.9522487078607,
    "receivedKBytesPerSec" : 624.0682929801004,
    "sentKBytesPerSec" : 576.412776236934
  },
  "HTTP Request" : {
    "transaction" : "HTTP Request",
    "sampleCount" : 338475,
    "errorCount" : 72230,
    "errorPct" : 21.339832,
    "meanResTime" : 2563.1123421227703,
    "medianResTime" : 1512.0,
    "minResTime" : 37.0,
    "maxResTime" : 20264.0,
    "pct1ResTime" : 8888.900000000001,
    "pct2ResTime" : 10079.0,
    "pct3ResTime" : 10948.990000000002,
    "throughput" : 1087.9522487078607,
    "receivedKBytesPerSec" : 624.0682929801004,
    "sentKBytesPerSec" : 576.412776236934
  }
}