{
  "Total" : {
    "transaction" : "Total",
    "sampleCount" : 90164,
    "errorCount" : 282,
    "errorPct" : 0.31276342,
    "meanResTime" : 1475.801483962568,
    "medianResTime" : 1123.0,
    "minResTime" : 43.0,
    "maxResTime" : 16222.0,
    "pct1ResTime" : 1646.0,
    "pct2ResTime" : 1896.0,
    "pct3ResTime" : 5010.620000000061,
    "throughput" : 291.5466224321851,
    "receivedKBytesPerSec" : 192.45220359987195,
    "sentKBytesPerSec" : 154.12618710409652
  },
  "HTTP Request" : {
    "transaction" : "HTTP Request",
    "sampleCount" : 90164,
    "errorCount" : 282,
    "errorPct" : 0.31276342,
    "meanResTime" : 1475.801483962568,
    "medianResTime" : 1123.0,
    "minResTime" : 43.0,
    "maxResTime" : 16222.0,
    "pct1ResTime" : 1646.0,
    "pct2ResTime" : 1896.0,
    "pct3ResTime" : 5010.620000000061,
    "throughput" : 291.5466224321851,
    "receivedKBytesPerSec" : 192.45220359987195,
    "sentKBytesPerSec" : 154.12618710409652
  }
}