{
  "Total" : {
    "transaction" : "Total",
    "sampleCount" : 2700,
    "errorCount" : 0,
    "errorPct" : 0.0,
    "meanResTime" : 3138.8418518518547,
    "medianResTime" : 2922.0,
    "minResTime" : 2311.0,
    "maxResTime" : 6972.0,
    "pct1ResTime" : 3868.000000000002,
    "pct2ResTime" : 4544.9,
    "pct3ResTime" : 5189.849999999997,
    "throughput" : 8.991727610598248,
    "receivedKBytesPerSec" : 5.5260228298298895,
    "sentKBytesPerSec" : 4.443177901330776
  },
  "HTTP Request" : {
    "transaction" : "HTTP Request",
    "sampleCount" : 2700,
    "errorCount" : 0,
    "errorPct" : 0.0,
    "meanResTime" : 3138.8418518518547,
    "medianResTime" : 2922.0,
    "minResTime" : 2311.0,
    "maxResTime" : 6972.0,
    "pct1ResTime" : 3868.000000000002,
    "pct2ResTime" : 4544.9,
    "pct3ResTime" : 5189.849999999997,
    "throughput" : 8.991727610598248,
    "receivedKBytesPerSec" : 5.5260228298298895,
    "sentKBytesPerSec" : 4.443177901330776
  }
}