{
  "Total" : {
    "transaction" : "Total",
    "sampleCount" : 1500,
    "errorCount" : 0,
    "errorPct" : 0.0,
    "meanResTime" : 4170.903999999991,
    "medianResTime" : 4156.0,
    "minResTime" : 3525.0,
    "maxResTime" : 5078.0,
    "pct1ResTime" : 4423.0,
    "pct2ResTime" : 4562.700000000001,
    "pct3ResTime" : 4789.82,
    "throughput" : 4.943153732081068,
    "receivedKBytesPerSec" : 3.0381633351870163,
    "sentKBytesPerSec" : 2.4426130746416215
  },
  "HTTP Request" : {
    "transaction" : "HTTP Request",
    "sampleCount" : 1500,
    "errorCount" : 0,
    "errorPct" : 0.0,
    "meanResTime" : 4170.903999999991,
    "medianResTime" : 4156.0,
    "minResTime" : 3525.0,
    "maxResTime" : 5078.0,
    "pct1ResTime" : 4423.0,
    "pct2ResTime" : 4562.700000000001,
    "pct3ResTime" : 4789.82,
    "throughput" : 4.943153732081068,
    "receivedKBytesPerSec" : 3.0381633351870163,
    "sentKBytesPerSec" : 2.4426130746416215
  }
}