{
  "Total" : {
    "transaction" : "Total",
    "sampleCount" : 210000,
    "errorCount" : 6156,
    "errorPct" : 2.9314287,
    "meanResTime" : 2336.419166666651,
    "medianResTime" : 1363.0,
    "minResTime" : 37.0,
    "maxResTime" : 100079.0,
    "pct1ResTime" : 3519.0,
    "pct2ResTime" : 4797.0,
    "pct3ResTime" : 8390.910000000014,
    "throughput" : 624.830774998438,
    "receivedKBytesPerSec" : 400.77359245245333,
    "sentKBytesPerSec" : 331.3311629142107
  },
  "HTTP Request" : {
    "transaction" : "HTTP Request",
    "sampleCount" : 210000,
    "errorCount" : 6156,
    "errorPct" : 2.9314287,
    "meanResTime" : 2336.419166666651,
    "medianResTime" : 1363.0,
    "minResTime" : 37.0,
    "maxResTime" : 100079.0,
    "pct1ResTime" : 3519.0,
    "pct2ResTime" : 4797.0,
    "pct3ResTime" : 8390.910000000014,
    "throughput" : 624.830774998438,
    "receivedKBytesPerSec" : 400.77359245245333,
    "sentKBytesPerSec" : 331.3311629142107
  }
}