{
  "Total" : {
    "transaction" : "Total",
    "sampleCount" : 35100,
    "errorCount" : 93,
    "errorPct" : 0.26495728,
    "meanResTime" : 11208.908490028452,
    "medianResTime" : 145.0,
    "minResTime" : 17.0,
    "maxResTime" : 196124.0,
    "pct1ResTime" : 18719.0,
    "pct2ResTime" : 73664.35000000033,
    "pct3ResTime" : 134738.97,
    "throughput" : 88.56055043788272,
    "receivedKBytesPerSec" : 60.95039487581969,
    "sentKBytesPerSec" : 43.47290529698061
  },
  "HTTP Request" : {
    "transaction" : "HTTP Request",
    "sampleCount" : 35100,
    "errorCount" : 93,
    "errorPct" : 0.26495728,
    "meanResTime" : 11208.908490028452,
    "medianResTime" : 145.0,
    "minResTime" : 17.0,
    "maxResTime" : 196124.0,
    "pct1ResTime" : 18719.0,
    "pct2ResTime" : 73664.35000000033,
    "pct3ResTime" : 134738.97,
    "throughput" : 88.56055043788272,
    "receivedKBytesPerSec" : 60.95039487581969,
    "sentKBytesPerSec" : 43.47290529698061
  }
}