{
  "Total" : {
    "transaction" : "Total",
    "sampleCount" : 2700,
    "errorCount" : 0,
    "errorPct" : 0.0,
    "meanResTime" : 1249.0911111111106,
    "medianResTime" : 1220.0,
    "minResTime" : 1183.0,
    "maxResTime" : 2713.0,
    "pct1ResTime" : 1311.0,
    "pct2ResTime" : 1340.0,
    "pct3ResTime" : 2196.779999999995,
    "throughput" : 9.099794412052171,
    "receivedKBytesPerSec" : 5.939139727132554,
    "sentKBytesPerSec" : 4.834265781402717
  },
  "HTTP Request" : {
    "transaction" : "HTTP Request",
    "sampleCount" : 2700,
    "errorCount" : 0,
    "errorPct" : 0.0,
    "meanResTime" : 1249.0911111111106,
    "medianResTime" : 1220.0,
    "minResTime" : 1183.0,
    "maxResTime" : 2713.0,
    "pct1ResTime" : 1311.0,
    "pct2ResTime" : 1340.0,
    "pct3ResTime" : 2196.779999999995,
    "throughput" : 9.099794412052171,
    "receivedKBytesPerSec" : 5.939139727132554,
    "sentKBytesPerSec" : 4.834265781402717
  }
}