{
  "Total" : {
    "transaction" : "Total",
    "sampleCount" : 5100,
    "errorCount" : 0,
    "errorPct" : 0.0,
    "meanResTime" : 5116.841568627452,
    "medianResTime" : 4594.5,
    "minResTime" : 2387.0,
    "maxResTime" : 12704.0,
    "pct1ResTime" : 8025.800000000001,
    "pct2ResTime" : 10130.849999999999,
    "pct3ResTime" : 11138.97,
    "throughput" : 16.97612025750444,
    "receivedKBytesPerSec" : 10.434995918241672,
    "sentKBytesPerSec" : 8.388590674118406
  },
  "HTTP Request" : {
    "transaction" : "HTTP Request",
    "sampleCount" : 5100,
    "errorCount" : 0,
    "errorPct" : 0.0,
    "meanResTime" : 5116.841568627452,
    "medianResTime" : 4594.5,
    "minResTime" : 2387.0,
    "maxResTime" : 12704.0,
    "pct1ResTime" : 8025.800000000001,
    "pct2ResTime" : 10130.849999999999,
    "pct3ResTime" : 11138.97,
    "throughput" : 16.97612025750444,
    "receivedKBytesPerSec" : 10.434995918241672,
    "sentKBytesPerSec" : 8.388590674118406
  }
}