{
  "Total" : {
    "transaction" : "Total",
    "sampleCount" : 300,
    "errorCount" : 0,
    "errorPct" : 0.0,
    "meanResTime" : 4183.733333333335,
    "medianResTime" : 4116.5,
    "minResTime" : 3852.0,
    "maxResTime" : 9225.0,
    "pct1ResTime" : 4351.900000000001,
    "pct2ResTime" : 4466.25,
    "pct3ResTime" : 5638.300000000001,
    "throughput" : 0.9909722428674773,
    "receivedKBytesPerSec" : 0.6467739053472862,
    "sentKBytesPerSec" : 0.5274217503542725
  },
  "HTTP Request" : {
    "transaction" : "HTTP Request",
    "sampleCount" : 300,
    "errorCount" : 0,
    "errorPct" : 0.0,
    "meanResTime" : 4183.733333333335,
    "medianResTime" : 4116.5,
    "minResTime" : 3852.0,
    "maxResTime" : 9225.0,
    "pct1ResTime" : 4351.900000000001,
    "pct2ResTime" : 4466.25,
    "pct3ResTime" : 5638.300000000001,
    "throughput" : 0.9909722428674773,
    "receivedKBytesPerSec" : 0.6467739053472862,
    "sentKBytesPerSec" : 0.5274217503542725
  }
}