{
  "Total" : {
    "transaction" : "Total",
    "sampleCount" : 4800,
    "errorCount" : 0,
    "errorPct" : 0.0,
    "meanResTime" : 2950.9683333333346,
    "medianResTime" : 2742.0,
    "minResTime" : 2473.0,
    "maxResTime" : 14163.0,
    "pct1ResTime" : 3029.9000000000005,
    "pct2ResTime" : 3526.95,
    "pct3ResTime" : 8045.09999999998,
    "throughput" : 15.834320229333738,
    "receivedKBytesPerSec" : 10.334777192764705,
    "sentKBytesPerSec" : 8.427445825182506
  },
  "HTTP Request" : {
    "transaction" : "HTTP Request",
    "sampleCount" : 4800,
    "errorCount" : 0,
    "errorPct" : 0.0,
    "meanResTime" : 2950.9683333333346,
    "medianResTime" : 2742.0,
    "minResTime" : 2473.0,
    "maxResTime" : 14163.0,
    "pct1ResTime" : 3029.9000000000005,
    "pct2ResTime" : 3526.95,
    "pct3ResTime" : 8045.09999999998,
    "throughput" : 15.834320229333738,
    "receivedKBytesPerSec" : 10.334777192764705,
    "sentKBytesPerSec" : 8.427445825182506
  }
}