{
  "Total" : {
    "transaction" : "Total",
    "sampleCount" : 5100,
    "errorCount" : 0,
    "errorPct" : 0.0,
    "meanResTime" : 1311.5817647058732,
    "medianResTime" : 1141.0,
    "minResTime" : 1092.0,
    "maxResTime" : 4031.0,
    "pct1ResTime" : 1805.9000000000005,
    "pct2ResTime" : 2167.95,
    "pct3ResTime" : 3018.0,
    "throughput" : 16.982168722841017,
    "receivedKBytesPerSec" : 10.436870062476068,
    "sentKBytesPerSec" : 8.374995317416712
  },
  "HTTP Request" : {
    "transaction" : "HTTP Request",
    "sampleCount" : 5100,
    "errorCount" : 0,
    "errorPct" : 0.0,
    "meanResTime" : 1311.5817647058732,
    "medianResTime" : 1141.0,
    "minResTime" : 1092.0,
    "maxResTime" : 4031.0,
    "pct1ResTime" : 1805.9000000000005,
    "pct2ResTime" : 2167.95,
    "pct3ResTime" : 3018.0,
    "throughput" : 16.982168722841017,
    "receivedKBytesPerSec" : 10.436870062476068,
    "sentKBytesPerSec" : 8.374995317416712
  }
}