{
  "Total" : {
    "transaction" : "Total",
    "sampleCount" : 8700,
    "errorCount" : 0,
    "errorPct" : 0.0,
    "meanResTime" : 2174.5974712643697,
    "medianResTime" : 1985.0,
    "minResTime" : 1819.0,
    "maxResTime" : 9226.0,
    "pct1ResTime" : 2251.0,
    "pct2ResTime" : 2638.949999999999,
    "pct3ResTime" : 6943.919999999998,
    "throughput" : 28.539093637750334,
    "receivedKBytesPerSec" : 18.626156966040117,
    "sentKBytesPerSec" : 15.189263703685478
  },
  "HTTP Request" : {
    "transaction" : "HTTP Request",
    "sampleCount" : 8700,
    "errorCount" : 0,
    "errorPct" : 0.0,
    "meanResTime" : 2174.5974712643697,
    "medianResTime" : 1985.0,
    "minResTime" : 1819.0,
    "maxResTime" : 9226.0,
    "pct1ResTime" : 2251.0,
    "pct2ResTime" : 2638.949999999999,
    "pct3ResTime" : 6943.919999999998,
    "throughput" : 28.539093637750334,
    "receivedKBytesPerSec" : 18.626156966040117,
    "sentKBytesPerSec" : 15.189263703685478
  }
}