{
  "Total" : {
    "transaction" : "Total",
    "sampleCount" : 150539,
    "errorCount" : 503,
    "errorPct" : 0.33413267,
    "meanResTime" : 4128.395013916645,
    "medianResTime" : 284.0,
    "minResTime" : 3.0,
    "maxResTime" : 230933.0,
    "pct1ResTime" : 11732.900000000001,
    "pct2ResTime" : 36751.0,
    "pct3ResTime" : 100320.0,
    "throughput" : 377.08375603365573,
    "receivedKBytesPerSec" : 265.6608659266593,
    "sentKBytesPerSec" : 184.9757745748574
  },
  "HTTP Request" : {
    "transaction" : "HTTP Request",
    "sampleCount" : 150539,
    "errorCount" : 503,
    "errorPct" : 0.33413267,
    "meanResTime" : 4128.395013916645,
    "medianResTime" : 284.0,
    "minResTime" : 3.0,
    "maxResTime" : 230933.0,
    "pct1ResTime" : 11732.900000000001,
    "pct2ResTime" : 36751.0,
    "pct3ResTime" : 100320.0,
    "throughput" : 377.08375603365573,
    "receivedKBytesPerSec" : 265.6608659266593,
    "sentKBytesPerSec" : 184.9757745748574
  }
}