{
  "Total" : {
    "transaction" : "Total",
    "sampleCount" : 9600,
    "errorCount" : 0,
    "errorPct" : 0.0,
    "meanResTime" : 2199.2410416666594,
    "medianResTime" : 1999.0,
    "minResTime" : 1812.0,
    "maxResTime" : 11474.0,
    "pct1ResTime" : 2272.0,
    "pct2ResTime" : 2654.899999999998,
    "pct3ResTime" : 7146.9299999999985,
    "throughput" : 32.3198588699496,
    "receivedKBytesPerSec" : 21.09467188399527,
    "sentKBytesPerSec" : 17.201487386838412
  },
  "HTTP Request" : {
    "transaction" : "HTTP Request",
    "sampleCount" : 9600,
    "errorCount" : 0,
    "errorPct" : 0.0,
    "meanResTime" : 2199.2410416666594,
    "medianResTime" : 1999.0,
    "minResTime" : 1812.0,
    "maxResTime" : 11474.0,
    "pct1ResTime" : 2272.0,
    "pct2ResTime" : 2654.899999999998,
    "pct3ResTime" : 7146.9299999999985,
    "throughput" : 32.3198588699496,
    "receivedKBytesPerSec" : 21.09467188399527,
    "sentKBytesPerSec" : 17.201487386838412
  }
}