{
  "Total" : {
    "transaction" : "Total",
    "sampleCount" : 130583,
    "errorCount" : 4,
    "errorPct" : 0.0030631858,
    "meanResTime" : 1599.7980671297198,
    "medianResTime" : 1128.0,
    "minResTime" : 28.0,
    "maxResTime" : 12903.0,
    "pct1ResTime" : 2172.0,
    "pct2ResTime" : 2756.0,
    "pct3ResTime" : 4110.94000000001,
    "throughput" : 428.0160871090075,
    "receivedKBytesPerSec" : 279.36300900618346,
    "sentKBytesPerSec" : 226.96382372234004
  },
  "HTTP Request" : {
    "transaction" : "HTTP Request",
    "sampleCount" : 130583,
    "errorCount" : 4,
    "errorPct" : 0.0030631858,
    "meanResTime" : 1599.7980671297198,
    "medianResTime" : 1128.0,
    "minResTime" : 28.0,
    "maxResTime" : 12903.0,
    "pct1ResTime" : 2172.0,
    "pct2ResTime" : 2756.0,
    "pct3ResTime" : 4110.94000000001,
    "throughput" : 428.0160871090075,
    "receivedKBytesPerSec" : 279.36300900618346,
    "sentKBytesPerSec" : 226.96382372234004
  }
}