{
  "Total" : {
    "transaction" : "Total",
    "sampleCount" : 602,
    "errorCount" : 0,
    "errorPct" : 0.0,
    "meanResTime" : 4144.088039867115,
    "medianResTime" : 4153.0,
    "minResTime" : 3766.0,
    "maxResTime" : 4391.0,
    "pct1ResTime" : 4273.0,
    "pct2ResTime" : 4303.7,
    "pct3ResTime" : 4370.85,
    "throughput" : 1.9818734300566576,
    "receivedKBytesPerSec" : 1.2180435254960444,
    "sentKBytesPerSec" : 0.9793241753990908
  },
  "HTTP Request" : {
    "transaction" : "HTTP Request",
    "sampleCount" : 602,
    "errorCount" : 0,
    "errorPct" : 0.0,
    "meanResTime" : 4144.088039867115,
    "medianResTime" : 4153.0,
    "minResTime" : 3766.0,
    "maxResTime" : 4391.0,
    "pct1ResTime" : 4273.0,
    "pct2ResTime" : 4303.7,
    "pct3ResTime" : 4370.85,
    "throughput" : 1.9818734300566576,
    "receivedKBytesPerSec" : 1.2180435254960444,
    "sentKBytesPerSec" : 0.9793241753990908
  }
}