{
  "Total" : {
    "transaction" : "Total",
    "sampleCount" : 119679,
    "errorCount" : 119,
    "errorPct" : 0.09943265,
    "meanResTime" : 3870.4465779293178,
    "medianResTime" : 252.0,
    "minResTime" : 6.0,
    "maxResTime" : 198230.0,
    "pct1ResTime" : 9178.0,
    "pct2ResTime" : 13982.900000000001,
    "pct3ResTime" : 59576.92000000161,
    "throughput" : 333.99008179588145,
    "receivedKBytesPerSec" : 232.5866962040683,
    "sentKBytesPerSec" : 164.22229028468092
  },
  "HTTP Request" : {
    "transaction" : "HTTP Request",
    "sampleCount" : 119679,
    "errorCount" : 119,
    "errorPct" : 0.09943265,
    "meanResTime" : 3870.4465779293178,
    "medianResTime" : 252.0,
    "minResTime" : 6.0,
    "maxResTime" : 198230.0,
    "pct1ResTime" : 9178.0,
    "pct2ResTime" : 13982.900000000001,
    "pct3ResTime" : 59576.92000000161,
    "throughput" : 333.99008179588145,
    "receivedKBytesPerSec" : 232.5866962040683,
    "sentKBytesPerSec" : 164.22229028468092
  }
}