{
  "Total" : {
    "transaction" : "Total",
    "sampleCount" : 120000,
    "errorCount" : 225,
    "errorPct" : 0.1875,
    "meanResTime" : 5201.399524999957,
    "medianResTime" : 272.0,
    "minResTime" : 9.0,
    "maxResTime" : 227329.0,
    "pct1ResTime" : 9813.700000000019,
    "pct2ResTime" : 100034.0,
    "pct3ResTime" : 128699.0,
    "throughput" : 297.90424364595077,
    "receivedKBytesPerSec" : 208.40407751002942,
    "sentKBytesPerSec" : 146.34982352276734
  },
  "HTTP Request" : {
    "transaction" : "HTTP Request",
    "sampleCount" : 120000,
    "errorCount" : 225,
    "errorPct" : 0.1875,
    "meanResTime" : 5201.399524999957,
    "medianResTime" : 272.0,
    "minResTime" : 9.0,
    "maxResTime" : 227329.0,
    "pct1ResTime" : 9813.700000000019,
    "pct2ResTime" : 100034.0,
    "pct3ResTime" : 128699.0,
    "throughput" : 297.90424364595077,
    "receivedKBytesPerSec" : 208.40407751002942,
    "sentKBytesPerSec" : 146.34982352276734
  }
}