{
  "Total" : {
    "transaction" : "Total",
    "sampleCount" : 1505,
    "errorCount" : 0,
    "errorPct" : 0.0,
    "meanResTime" : 4511.152159468446,
    "medianResTime" : 4239.0,
    "minResTime" : 3905.0,
    "maxResTime" : 11937.0,
    "pct1ResTime" : 4853.200000000001,
    "pct2ResTime" : 5549.200000000002,
    "pct3ResTime" : 10667.600000000019,
    "throughput" : 4.9080834993820055,
    "receivedKBytesPerSec" : 3.2034900998574862,
    "sentKBytesPerSec" : 2.6122124093390555
  },
  "HTTP Request" : {
    "transaction" : "HTTP Request",
    "sampleCount" : 1505,
    "errorCount" : 0,
    "errorPct" : 0.0,
    "meanResTime" : 4511.152159468446,
    "medianResTime" : 4239.0,
    "minResTime" : 3905.0,
    "maxResTime" : 11937.0,
    "pct1ResTime" : 4853.200000000001,
    "pct2ResTime" : 5549.200000000002,
    "pct3ResTime" : 10667.600000000019,
    "throughput" : 4.9080834993820055,
    "receivedKBytesPerSec" : 3.2034900998574862,
    "sentKBytesPerSec" : 2.6122124093390555
  }
}