{
  "Total" : {
    "transaction" : "Total",
    "sampleCount" : 10895,
    "errorCount" : 24,
    "errorPct" : 0.22028454,
    "meanResTime" : 24630.6011932078,
    "medianResTime" : 23060.0,
    "minResTime" : 68.0,
    "maxResTime" : 161291.0,
    "pct1ResTime" : 40161.2,
    "pct2ResTime" : 52692.6,
    "pct3ResTime" : 103673.04,
    "throughput" : 32.61380406572452,
    "receivedKBytesPerSec" : 21.14412557699043,
    "sentKBytesPerSec" : 16.080304897533686
  },
  "HTTP Request" : {
    "transaction" : "HTTP Request",
    "sampleCount" : 10895,
    "errorCount" : 24,
    "errorPct" : 0.22028454,
    "meanResTime" : 24630.6011932078,
    "medianResTime" : 23060.0,
    "minResTime" : 68.0,
    "maxResTime" : 161291.0,
    "pct1ResTime" : 40161.2,
    "pct2ResTime" : 52692.6,
    "pct3ResTime" : 103673.04,
    "throughput" : 32.61380406572452,
    "receivedKBytesPerSec" : 21.14412557699043,
    "sentKBytesPerSec" : 16.080304897533686
  }
}