{
  "Total" : {
    "transaction" : "Total",
    "sampleCount" : 1500,
    "errorCount" : 0,
    "errorPct" : 0.0,
    "meanResTime" : 2756.069333333335,
    "medianResTime" : 2755.0,
    "minResTime" : 2419.0,
    "maxResTime" : 3203.0,
    "pct1ResTime" : 2852.8,
    "pct2ResTime" : 2889.0,
    "pct3ResTime" : 2956.91,
    "throughput" : 4.985525358043812,
    "receivedKBytesPerSec" : 3.0641993111250336,
    "sentKBytesPerSec" : 2.463550616377119
  },
  "HTTP Request" : {
    "transaction" : "HTTP Request",
    "sampleCount" : 1500,
    "errorCount" : 0,
    "errorPct" : 0.0,
    "meanResTime" : 2756.069333333335,
    "medianResTime" : 2755.0,
    "minResTime" : 2419.0,
    "maxResTime" : 3203.0,
    "pct1ResTime" : 2852.8,
    "pct2ResTime" : 2889.0,
    "pct3ResTime" : 2956.91,
    "throughput" : 4.985525358043812,
    "receivedKBytesPerSec" : 3.0641993111250336,
    "sentKBytesPerSec" : 2.463550616377119
  }
}