{
  "Total" : {
    "transaction" : "Total",
    "sampleCount" : 6923,
    "errorCount" : 0,
    "errorPct" : 0.0,
    "meanResTime" : 1418.5399393326586,
    "medianResTime" : 1166.0,
    "minResTime" : 1089.0,
    "maxResTime" : 4194.0,
    "pct1ResTime" : 2078.6000000000004,
    "pct2ResTime" : 2518.7999999999993,
    "pct3ResTime" : 3687.76,
    "throughput" : 23.124611694914122,
    "receivedKBytesPerSec" : 14.211923737507433,
    "sentKBytesPerSec" : 11.40422744719886
  },
  "HTTP Request" : {
    "transaction" : "HTTP Request",
    "sampleCount" : 6923,
    "errorCount" : 0,
    "errorPct" : 0.0,
    "meanResTime" : 1418.5399393326586,
    "medianResTime" : 1166.0,
    "minResTime" : 1089.0,
    "maxResTime" : 4194.0,
    "pct1ResTime" : 2078.6000000000004,
    "pct2ResTime" : 2518.7999999999993,
    "pct3ResTime" : 3687.76,
    "throughput" : 23.124611694914122,
    "receivedKBytesPerSec" : 14.211923737507433,
    "sentKBytesPerSec" : 11.40422744719886
  }
}