{
  "Total" : {
    "transaction" : "Total",
    "sampleCount" : 366207,
    "errorCount" : 90102,
    "errorPct" : 24.604116,
    "meanResTime" : 2461.6694492458214,
    "medianResTime" : 1549.0,
    "minResTime" : 36.0,
    "maxResTime" : 87398.0,
    "pct1ResTime" : 7372.9000000000015,
    "pct2ResTime" : 8892.900000000001,
    "pct3ResTime" : 10743.980000000003,
    "throughput" : 1178.81837144623,
    "receivedKBytesPerSec" : 666.4255972894858,
    "sentKBytesPerSec" : 623.6554064473646
  },
  "HTTP Request" : {
    "transaction" : "HTTP Request",
    "sampleCount" : 366207,
    "errorCount" : 90102,
    "errorPct" : 24.604116,
    "meanResTime" : 2461.6694492458214,
    "medianResTime" : 1549.0,
    "minResTime" : 36.0,
    "maxResTime" : 87398.0,
    "pct1ResTime" : 7372.9000000000015,
    "pct2ResTime" : 8892.900000000001,
    "pct3ResTime" : 10743.980000000003,
    "throughput" : 1178.81837144623,
    "receivedKBytesPerSec" : 666.4255972894858,
    "sentKBytesPerSec" : 623.6554064473646
  }
}