{
  "Total" : {
    "transaction" : "Total",
    "sampleCount" : 100762,
    "errorCount" : 398,
    "errorPct" : 0.39499018,
    "meanResTime" : 5421.546714038998,
    "medianResTime" : 208.0,
    "minResTime" : 12.0,
    "maxResTime" : 215513.0,
    "pct1ResTime" : 16371.0,
    "pct2ResTime" : 36283.0,
    "pct3ResTime" : 100146.82000000004,
    "throughput" : 252.2101743109162,
    "receivedKBytesPerSec" : 177.83875422855405,
    "sentKBytesPerSec" : 123.64437531913615
  },
  "HTTP Request" : {
    "transaction" : "HTTP Request",
    "sampleCount" : 100762,
    "errorCount" : 398,
    "errorPct" : 0.39499018,
    "meanResTime" : 5421.546714038998,
    "medianResTime" : 208.0,
    "minResTime" : 12.0,
    "maxResTime" : 215513.0,
    "pct1ResTime" : 16371.0,
    "pct2ResTime" : 36283.0,
    "pct3ResTime" : 100146.82000000004,
    "throughput" : 252.2101743109162,
    "receivedKBytesPerSec" : 177.83875422855405,
    "sentKBytesPerSec" : 123.64437531913615
  }
}