{
  "Total" : {
    "transaction" : "Total",
    "sampleCount" : 4800,
    "errorCount" : 0,
    "errorPct" : 0.0,
    "meanResTime" : 4206.728333333327,
    "medianResTime" : 3652.0,
    "minResTime" : 2353.0,
    "maxResTime" : 9759.0,
    "pct1ResTime" : 6402.800000000001,
    "pct2ResTime" : 7116.649999999999,
    "pct3ResTime" : 8427.889999999998,
    "throughput" : 15.892355776871325,
    "receivedKBytesPerSec" : 9.767138188172115,
    "sentKBytesPerSec" : 7.853058616305558
  },
  "HTTP Request" : {
    "transaction" : "HTTP Request",
    "sampleCount" : 4800,
    "errorCount" : 0,
    "errorPct" : 0.0,
    "meanResTime" : 4206.728333333327,
    "medianResTime" : 3652.0,
    "minResTime" : 2353.0,
    "maxResTime" : 9759.0,
    "pct1ResTime" : 6402.800000000001,
    "pct2ResTime" : 7116.649999999999,
    "pct3ResTime" : 8427.889999999998,
    "throughput" : 15.892355776871325,
    "receivedKBytesPerSec" : 9.767138188172115,
    "sentKBytesPerSec" : 7.853058616305558
  }
}