{
  "Total" : {
    "transaction" : "Total",
    "sampleCount" : 8100,
    "errorCount" : 0,
    "errorPct" : 0.0,
    "meanResTime" : 2291.993580246917,
    "medianResTime" : 1984.0,
    "minResTime" : 1828.0,
    "maxResTime" : 13205.0,
    "pct1ResTime" : 2491.800000000001,
    "pct2ResTime" : 3792.2499999999973,
    "pct3ResTime" : 8150.5199999999895,
    "throughput" : 27.074907243373335,
    "receivedKBytesPerSec" : 17.671426754646188,
    "sentKBytesPerSec" : 14.40998481214694
  },
  "HTTP Request" : {
    "transaction" : "HTTP Request",
    "sampleCount" : 8100,
    "errorCount" : 0,
    "errorPct" : 0.0,
    "meanResTime" : 2291.993580246917,
    "medianResTime" : 1984.0,
    "minResTime" : 1828.0,
    "maxResTime" : 13205.0,
    "pct1ResTime" : 2491.800000000001,
    "pct2ResTime" : 3792.2499999999973,
    "pct3ResTime" : 8150.5199999999895,
    "throughput" : 27.074907243373335,
    "receivedKBytesPerSec" : 17.671426754646188,
    "sentKBytesPerSec" : 14.40998481214694
  }
}