{
  "Total" : {
    "transaction" : "Total",
    "sampleCount" : 60000,
    "errorCount" : 40,
    "errorPct" : 0.06666667,
    "meanResTime" : 6205.791300000108,
    "medianResTime" : 142.0,
    "minResTime" : 9.0,
    "maxResTime" : 195977.0,
    "pct1ResTime" : 10778.900000000001,
    "pct2ResTime" : 16412.0,
    "pct3ResTime" : 100045.0,
    "throughput" : 150.73748313624407,
    "receivedKBytesPerSec" : 103.74677052793291,
    "sentKBytesPerSec" : 74.14164424446605
  },
  "HTTP Request" : {
    "transaction" : "HTTP Request",
    "sampleCount" : 60000,
    "errorCount" : 40,
    "errorPct" : 0.06666667,
    "meanResTime" : 6205.791300000108,
    "medianResTime" : 142.0,
    "minResTime" : 9.0,
    "maxResTime" : 195977.0,
    "pct1ResTime" : 10778.900000000001,
    "pct2ResTime" : 16412.0,
    "pct3ResTime" : 100045.0,
    "throughput" : 150.73748313624407,
    "receivedKBytesPerSec" : 103.74677052793291,
    "sentKBytesPerSec" : 74.14164424446605
  }
}