{
  "Total" : {
    "transaction" : "Total",
    "sampleCount" : 20100,
    "errorCount" : 0,
    "errorPct" : 0.0,
    "meanResTime" : 1351.0405472636874,
    "medianResTime" : 1240.0,
    "minResTime" : 1106.0,
    "maxResTime" : 9285.0,
    "pct1ResTime" : 1472.0,
    "pct2ResTime" : 1573.0,
    "pct3ResTime" : 5394.990000000002,
    "throughput" : 66.41971310649295,
    "receivedKBytesPerSec" : 43.35027675396784,
    "sentKBytesPerSec" : 35.22060958674382
  },
  "HTTP Request" : {
    "transaction" : "HTTP Request",
    "sampleCount" : 20100,
    "errorCount" : 0,
    "errorPct" : 0.0,
    "meanResTime" : 1351.0405472636874,
    "medianResTime" : 1240.0,
    "minResTime" : 1106.0,
    "maxResTime" : 9285.0,
    "pct1ResTime" : 1472.0,
    "pct2ResTime" : 1573.0,
    "pct3ResTime" : 5394.990000000002,
    "throughput" : 66.41971310649295,
    "receivedKBytesPerSec" : 43.35027675396784,
    "sentKBytesPerSec" : 35.22060958674382
  }
}