{
  "Total" : {
    "transaction" : "Total",
    "sampleCount" : 15050,
    "errorCount" : 0,
    "errorPct" : 0.0,
    "meanResTime" : 5586.744850498325,
    "medianResTime" : 2285.0,
    "minResTime" : 11.0,
    "maxResTime" : 128495.0,
    "pct1ResTime" : 11684.8,
    "pct2ResTime" : 15840.449999999999,
    "pct3ResTime" : 64427.49,
    "throughput" : 50.09669827807162,
    "receivedKBytesPerSec" : 31.011417205012002,
    "sentKBytesPerSec" : 24.65696868373838
  },
  "HTTP Request" : {
    "transaction" : "HTTP Request",
    "sampleCount" : 15050,
    "errorCount" : 0,
    "errorPct" : 0.0,
    "meanResTime" : 5586.744850498325,
    "medianResTime" : 2285.0,
    "minResTime" : 11.0,
    "maxResTime" : 128495.0,
    "pct1ResTime" : 11684.8,
    "pct2ResTime" : 15840.449999999999,
    "pct3ResTime" : 64427.49,
    "throughput" : 50.09669827807162,
    "receivedKBytesPerSec" : 31.011417205012002,
    "sentKBytesPerSec" : 24.65696868373838
  }
}