{
  "Total" : {
    "transaction" : "Total",
    "sampleCount" : 4200,
    "errorCount" : 0,
    "errorPct" : 0.0,
    "meanResTime" : 4299.501428571425,
    "medianResTime" : 3676.0,
    "minResTime" : 2327.0,
    "maxResTime" : 11399.0,
    "pct1ResTime" : 6591.300000000001,
    "pct2ResTime" : 7293.699999999999,
    "pct3ResTime" : 9936.849999999997,
    "throughput" : 13.88718972876996,
    "receivedKBytesPerSec" : 8.534857956987736,
    "sentKBytesPerSec" : 6.862224612067967
  },
  "HTTP Request" : {
    "transaction" : "HTTP Request",
    "sampleCount" : 4200,
    "errorCount" : 0,
    "errorPct" : 0.0,
    "meanResTime" : 4299.501428571425,
    "medianResTime" : 3676.0,
    "minResTime" : 2327.0,
    "maxResTime" : 11399.0,
    "pct1ResTime" : 6591.300000000001,
    "pct2ResTime" : 7293.699999999999,
    "pct3ResTime" : 9936.849999999997,
    "throughput" : 13.88718972876996,
    "receivedKBytesPerSec" : 8.534857956987736,
    "sentKBytesPerSec" : 6.862224612067967
  }
}