{
  "Total" : {
    "transaction" : "Total",
    "sampleCount" : 10200,
    "errorCount" : 0,
    "errorPct" : 0.0,
    "meanResTime" : 1393.2117647058765,
    "medianResTime" : 1249.0,
    "minResTime" : 1158.0,
    "maxResTime" : 8263.0,
    "pct1ResTime" : 1489.0,
    "pct2ResTime" : 1720.7999999999956,
    "pct3ResTime" : 5392.959999999999,
    "throughput" : 33.60613608508283,
    "receivedKBytesPerSec" : 21.933586156701786,
    "sentKBytesPerSec" : 17.820441302929662
  },
  "HTTP Request" : {
    "transaction" : "HTTP Request",
    "sampleCount" : 10200,
    "errorCount" : 0,
    "errorPct" : 0.0,
    "meanResTime" : 1393.2117647058765,
    "medianResTime" : 1249.0,
    "minResTime" : 1158.0,
    "maxResTime" : 8263.0,
    "pct1ResTime" : 1489.0,
    "pct2ResTime" : 1720.7999999999956,
    "pct3ResTime" : 5392.959999999999,
    "throughput" : 33.60613608508283,
    "receivedKBytesPerSec" : 21.933586156701786,
    "sentKBytesPerSec" : 17.820441302929662
  }
}