{
  "Total" : {
    "transaction" : "Total",
    "sampleCount" : 240728,
    "errorCount" : 11363,
    "errorPct" : 4.7202654,
    "meanResTime" : 2649.935570436344,
    "medianResTime" : 1581.0,
    "minResTime" : 36.0,
    "maxResTime" : 19629.0,
    "pct1ResTime" : 8504.900000000001,
    "pct2ResTime" : 10212.95,
    "pct3ResTime" : 10751.980000000003,
    "throughput" : 787.0580465444749,
    "receivedKBytesPerSec" : 500.1953361271816,
    "sentKBytesPerSec" : 417.2311477057981
  },
  "HTTP Request" : {
    "transaction" : "HTTP Request",
    "sampleCount" : 240728,
    "errorCount" : 11363,
    "errorPct" : 4.7202654,
    "meanResTime" : 2649.935570436344,
    "medianResTime" : 1581.0,
    "minResTime" : 36.0,
    "maxResTime" : 19629.0,
    "pct1ResTime" : 8504.900000000001,
    "pct2ResTime" : 10212.95,
    "pct3ResTime" : 10751.980000000003,
    "throughput" : 787.0580465444749,
    "receivedKBytesPerSec" : 500.1953361271816,
    "sentKBytesPerSec" : 417.2311477057981
  }
}