{
  "Total" : {
    "transaction" : "Total",
    "sampleCount" : 75229,
    "errorCount" : 6,
    "errorPct" : 0.007975647,
    "meanResTime" : 1346.9854311502359,
    "medianResTime" : 1129.0,
    "minResTime" : 0.0,
    "maxResTime" : 12622.0,
    "pct1ResTime" : 1530.9000000000015,
    "pct2ResTime" : 1762.9500000000007,
    "pct3ResTime" : 2761.9600000000064,
    "throughput" : 248.30511271743077,
    "receivedKBytesPerSec" : 162.08971610741162,
    "sentKBytesPerSec" : 131.6591041656352
  },
  "HTTP Request" : {
    "transaction" : "HTTP Request",
    "sampleCount" : 75229,
    "errorCount" : 6,
    "errorPct" : 0.007975647,
    "meanResTime" : 1346.9854311502359,
    "medianResTime" : 1129.0,
    "minResTime" : 0.0,
    "maxResTime" : 12622.0,
    "pct1ResTime" : 1530.9000000000015,
    "pct2ResTime" : 1762.9500000000007,
    "pct3ResTime" : 2761.9600000000064,
    "throughput" : 248.30511271743077,
    "receivedKBytesPerSec" : 162.08971610741162,
    "sentKBytesPerSec" : 131.6591041656352
  }
}