{
  "Total" : {
    "transaction" : "Total",
    "sampleCount" : 20234,
    "errorCount" : 0,
    "errorPct" : 0.0,
    "meanResTime" : 1358.8668577641608,
    "medianResTime" : 1227.0,
    "minResTime" : 1096.0,
    "maxResTime" : 9687.0,
    "pct1ResTime" : 1509.0,
    "pct2ResTime" : 1742.9500000000007,
    "pct3ResTime" : 5879.990000000002,
    "throughput" : 65.8950577078394,
    "receivedKBytesPerSec" : 43.0078266206312,
    "sentKBytesPerSec" : 34.942398764996874
  },
  "HTTP Request" : {
    "transaction" : "HTTP Request",
    "sampleCount" : 20234,
    "errorCount" : 0,
    "errorPct" : 0.0,
    "meanResTime" : 1358.8668577641608,
    "medianResTime" : 1227.0,
    "minResTime" : 1096.0,
    "maxResTime" : 9687.0,
    "pct1ResTime" : 1509.0,
    "pct2ResTime" : 1742.9500000000007,
    "pct3ResTime" : 5879.990000000002,
    "throughput" : 65.8950577078394,
    "receivedKBytesPerSec" : 43.0078266206312,
    "sentKBytesPerSec" : 34.942398764996874
  }
}