{
  "Total" : {
    "transaction" : "Total",
    "sampleCount" : 5100,
    "errorCount" : 0,
    "errorPct" : 0.0,
    "meanResTime" : 2952.637647058825,
    "medianResTime" : 2758.0,
    "minResTime" : 2474.0,
    "maxResTime" : 10664.0,
    "pct1ResTime" : 3123.0,
    "pct2ResTime" : 3669.699999999999,
    "pct3ResTime" : 8084.08999999998,
    "throughput" : 16.942227005909846,
    "receivedKBytesPerSec" : 11.057670946239988,
    "sentKBytesPerSec" : 9.017103240450064
  },
  "HTTP Request" : {
    "transaction" : "HTTP Request",
    "sampleCount" : 5100,
    "errorCount" : 0,
    "errorPct" : 0.0,
    "meanResTime" : 2952.637647058825,
    "medianResTime" : 2758.0,
    "minResTime" : 2474.0,
    "maxResTime" : 10664.0,
    "pct1ResTime" : 3123.0,
    "pct2ResTime" : 3669.699999999999,
    "pct3ResTime" : 8084.08999999998,
    "throughput" : 16.942227005909846,
    "receivedKBytesPerSec" : 11.057670946239988,
    "sentKBytesPerSec" : 9.017103240450064
  }
}