{
  "Total" : {
    "transaction" : "Total",
    "sampleCount" : 70200,
    "errorCount" : 106,
    "errorPct" : 0.15099715,
    "meanResTime" : 7102.733433048435,
    "medianResTime" : 238.0,
    "minResTime" : 11.0,
    "maxResTime" : 190934.0,
    "pct1ResTime" : 14989.900000000001,
    "pct2ResTime" : 26878.0,
    "pct3ResTime" : 100164.0,
    "throughput" : 176.42357742783472,
    "receivedKBytesPerSec" : 122.64240162484984,
    "sentKBytesPerSec" : 86.70236343508266
  },
  "HTTP Request" : {
    "transaction" : "HTTP Request",
    "sampleCount" : 70200,
    "errorCount" : 106,
    "errorPct" : 0.15099715,
    "meanResTime" : 7102.733433048435,
    "medianResTime" : 238.0,
    "minResTime" : 11.0,
    "maxResTime" : 190934.0,
    "pct1ResTime" : 14989.900000000001,
    "pct2ResTime" : 26878.0,
    "pct3ResTime" : 100164.0,
    "throughput" : 176.42357742783472,
    "receivedKBytesPerSec" : 122.64240162484984,
    "sentKBytesPerSec" : 86.70236343508266
  }
}