{
  "Total" : {
    "transaction" : "Total",
    "sampleCount" : 3311,
    "errorCount" : 0,
    "errorPct" : 0.0,
    "meanResTime" : 3445.01419510722,
    "medianResTime" : 3128.0,
    "minResTime" : 2360.0,
    "maxResTime" : 7311.0,
    "pct1ResTime" : 4743.6,
    "pct2ResTime" : 5206.199999999997,
    "pct3ResTime" : 5987.160000000001,
    "throughput" : 10.932480131018064,
    "receivedKBytesPerSec" : 6.718779278269756,
    "sentKBytesPerSec" : 5.402182564741349
  },
  "HTTP Request" : {
    "transaction" : "HTTP Request",
    "sampleCount" : 3311,
    "errorCount" : 0,
    "errorPct" : 0.0,
    "meanResTime" : 3445.01419510722,
    "medianResTime" : 3128.0,
    "minResTime" : 2360.0,
    "maxResTime" : 7311.0,
    "pct1ResTime" : 4743.6,
    "pct2ResTime" : 5206.199999999997,
    "pct3ResTime" : 5987.160000000001,
    "throughput" : 10.932480131018064,
    "receivedKBytesPerSec" : 6.718779278269756,
    "sentKBytesPerSec" : 5.402182564741349
  }
}