{
  "Total" : {
    "transaction" : "Total",
    "sampleCount" : 40201,
    "errorCount" : 1,
    "errorPct" : 0.0024875002,
    "meanResTime" : 1332.8521181065062,
    "medianResTime" : 1118.0,
    "minResTime" : 8.0,
    "maxResTime" : 9590.0,
    "pct1ResTime" : 1370.0,
    "pct2ResTime" : 1489.0,
    "pct3ResTime" : 5201.0,
    "throughput" : 132.32413999677428,
    "receivedKBytesPerSec" : 86.37560901637387,
    "sentKBytesPerSec" : 70.16623115168511
  },
  "HTTP Request" : {
    "transaction" : "HTTP Request",
    "sampleCount" : 40201,
    "errorCount" : 1,
    "errorPct" : 0.0024875002,
    "meanResTime" : 1332.8521181065062,
    "medianResTime" : 1118.0,
    "minResTime" : 8.0,
    "maxResTime" : 9590.0,
    "pct1ResTime" : 1370.0,
    "pct2ResTime" : 1489.0,
    "pct3ResTime" : 5201.0,
    "throughput" : 132.32413999677428,
    "receivedKBytesPerSec" : 86.37560901637387,
    "sentKBytesPerSec" : 70.16623115168511
  }
}