{
  "Total" : {
    "transaction" : "Total",
    "sampleCount" : 80176,
    "errorCount" : 28,
    "errorPct" : 0.03492317,
    "meanResTime" : 1364.74044601875,
    "medianResTime" : 1111.0,
    "minResTime" : 38.0,
    "maxResTime" : 11183.0,
    "pct1ResTime" : 1399.0,
    "pct2ResTime" : 1521.0,
    "pct3ResTime" : 1846.9900000000016,
    "throughput" : 270.08472149702715,
    "receivedKBytesPerSec" : 176.23993879587675,
    "sentKBytesPerSec" : 143.21875368445873
  },
  "HTTP Request" : {
    "transaction" : "HTTP Request",
    "sampleCount" : 80176,
    "errorCount" : 28,
    "errorPct" : 0.03492317,
    "meanResTime" : 1364.74044601875,
    "medianResTime" : 1111.0,
    "minResTime" : 38.0,
    "maxResTime" : 11183.0,
    "pct1ResTime" : 1399.0,
    "pct2ResTime" : 1521.0,
    "pct3ResTime" : 1846.9900000000016,
    "throughput" : 270.08472149702715,
    "receivedKBytesPerSec" : 176.23993879587675,
    "sentKBytesPerSec" : 143.21875368445873
  }
}