{
  "Total" : {
    "transaction" : "Total",
    "sampleCount" : 90096,
    "errorCount" : 8,
    "errorPct" : 0.008879418,
    "meanResTime" : 1343.5382147930875,
    "medianResTime" : 1112.0,
    "minResTime" : 11.0,
    "maxResTime" : 14828.0,
    "pct1ResTime" : 1624.0,
    "pct2ResTime" : 1870.9500000000007,
    "pct3ResTime" : 2478.9900000000016,
    "throughput" : 299.56708805202925,
    "receivedKBytesPerSec" : 195.53427009179427,
    "sentKBytesPerSec" : 158.84894324971572
  },
  "HTTP Request" : {
    "transaction" : "HTTP Request",
    "sampleCount" : 90096,
    "errorCount" : 8,
    "errorPct" : 0.008879418,
    "meanResTime" : 1343.5382147930875,
    "medianResTime" : 1112.0,
    "minResTime" : 11.0,
    "maxResTime" : 14828.0,
    "pct1ResTime" : 1624.0,
    "pct2ResTime" : 1870.9500000000007,
    "pct3ResTime" : 2478.9900000000016,
    "throughput" : 299.56708805202925,
    "receivedKBytesPerSec" : 195.53427009179427,
    "sentKBytesPerSec" : 158.84894324971572
  }
}