{
  "Total" : {
    "transaction" : "Total",
    "sampleCount" : 8127,
    "errorCount" : 0,
    "errorPct" : 0.0,
    "meanResTime" : 7386.161191091425,
    "medianResTime" : 6371.0,
    "minResTime" : 72.0,
    "maxResTime" : 22006.0,
    "pct1ResTime" : 14441.4,
    "pct2ResTime" : 15782.199999999999,
    "pct3ResTime" : 18572.440000000002,
    "throughput" : 26.89937310923257,
    "receivedKBytesPerSec" : 16.63075665243971,
    "sentKBytesPerSec" : 13.292073040304377
  },
  "HTTP Request" : {
    "transaction" : "HTTP Request",
    "sampleCount" : 8127,
    "errorCount" : 0,
    "errorPct" : 0.0,
    "meanResTime" : 7386.161191091425,
    "medianResTime" : 6371.0,
    "minResTime" : 72.0,
    "maxResTime" : 22006.0,
    "pct1ResTime" : 14441.4,
    "pct2ResTime" : 15782.199999999999,
    "pct3ResTime" : 18572.440000000002,
    "throughput" : 26.89937310923257,
    "receivedKBytesPerSec" : 16.63075665243971,
    "sentKBytesPerSec" : 13.292073040304377
  }
}