{
  "Total" : {
    "transaction" : "Total",
    "sampleCount" : 60090,
    "errorCount" : 13,
    "errorPct" : 0.021634215,
    "meanResTime" : 1418.5773173573136,
    "medianResTime" : 1114.0,
    "minResTime" : 1092.0,
    "maxResTime" : 13905.0,
    "pct1ResTime" : 1613.0,
    "pct2ResTime" : 1875.9500000000007,
    "pct3ResTime" : 4973.94000000001,
    "throughput" : 197.62221893345173,
    "receivedKBytesPerSec" : 129.0895925316133,
    "sentKBytesPerSec" : 104.77114204096986
  },
  "HTTP Request" : {
    "transaction" : "HTTP Request",
    "sampleCount" : 60090,
    "errorCount" : 13,
    "errorPct" : 0.021634215,
    "meanResTime" : 1418.5773173573136,
    "medianResTime" : 1114.0,
    "minResTime" : 1092.0,
    "maxResTime" : 13905.0,
    "pct1ResTime" : 1613.0,
    "pct2ResTime" : 1875.9500000000007,
    "pct3ResTime" : 4973.94000000001,
    "throughput" : 197.62221893345173,
    "receivedKBytesPerSec" : 129.0895925316133,
    "sentKBytesPerSec" : 104.77114204096986
  }
}