{
  "Total" : {
    "transaction" : "Total",
    "sampleCount" : 40252,
    "errorCount" : 6,
    "errorPct" : 0.014906092,
    "meanResTime" : 1452.297724336672,
    "medianResTime" : 1135.0,
    "minResTime" : 39.0,
    "maxResTime" : 12714.0,
    "pct1ResTime" : 1488.0,
    "pct2ResTime" : 1671.0,
    "pct3ResTime" : 5449.970000000005,
    "throughput" : 131.54549287075196,
    "receivedKBytesPerSec" : 85.84946374896649,
    "sentKBytesPerSec" : 69.75508069220538
  },
  "HTTP Request" : {
    "transaction" : "HTTP Request",
    "sampleCount" : 40252,
    "errorCount" : 6,
    "errorPct" : 0.014906092,
    "meanResTime" : 1452.297724336672,
    "medianResTime" : 1135.0,
    "minResTime" : 39.0,
    "maxResTime" : 12714.0,
    "pct1ResTime" : 1488.0,
    "pct2ResTime" : 1671.0,
    "pct3ResTime" : 5449.970000000005,
    "throughput" : 131.54549287075196,
    "receivedKBytesPerSec" : 85.84946374896649,
    "sentKBytesPerSec" : 69.75508069220538
  }
}