{
  "Total" : {
    "transaction" : "Total",
    "sampleCount" : 600,
    "errorCount" : 0,
    "errorPct" : 0.0,
    "meanResTime" : 2747.7166666666653,
    "medianResTime" : 2593.0,
    "minResTime" : 2410.0,
    "maxResTime" : 11595.0,
    "pct1ResTime" : 2793.0,
    "pct2ResTime" : 2952.8999999999996,
    "pct3ResTime" : 7657.040000000001,
    "throughput" : 1.9972238588362177,
    "receivedKBytesPerSec" : 1.3035006341185753,
    "sentKBytesPerSec" : 1.0629755889313854
  },
  "HTTP Request" : {
    "transaction" : "HTTP Request",
    "sampleCount" : 600,
    "errorCount" : 0,
    "errorPct" : 0.0,
    "meanResTime" : 2747.7166666666653,
    "medianResTime" : 2593.0,
    "minResTime" : 2410.0,
    "maxResTime" : 11595.0,
    "pct1ResTime" : 2793.0,
    "pct2ResTime" : 2952.8999999999996,
    "pct3ResTime" : 7657.040000000001,
    "throughput" : 1.9972238588362177,
    "receivedKBytesPerSec" : 1.3035006341185753,
    "sentKBytesPerSec" : 1.0629755889313854
  }
}