{
  "Total" : {
    "transaction" : "Total",
    "sampleCount" : 70200,
    "errorCount" : 225,
    "errorPct" : 0.32051283,
    "meanResTime" : 7319.25440170941,
    "medianResTime" : 154.0,
    "minResTime" : 5.0,
    "maxResTime" : 227386.0,
    "pct1ResTime" : 16988.800000000003,
    "pct2ResTime" : 36019.0,
    "pct3ResTime" : 100151.99,
    "throughput" : 176.96973363786245,
    "receivedKBytesPerSec" : 124.1444030564463,
    "sentKBytesPerSec" : 86.82311676599156
  },
  "HTTP Request" : {
    "transaction" : "HTTP Request",
    "sampleCount" : 70200,
    "errorCount" : 225,
    "errorPct" : 0.32051283,
    "meanResTime" : 7319.25440170941,
    "medianResTime" : 154.0,
    "minResTime" : 5.0,
    "maxResTime" : 227386.0,
    "pct1ResTime" : 16988.800000000003,
    "pct2ResTime" : 36019.0,
    "pct3ResTime" : 100151.99,
    "throughput" : 176.96973363786245,
    "receivedKBytesPerSec" : 124.1444030564463,
    "sentKBytesPerSec" : 86.82311676599156
  }
}