{
  "Total" : {
    "transaction" : "Total",
    "sampleCount" : 60152,
    "errorCount" : 389,
    "errorPct" : 0.646695,
    "meanResTime" : 1734.7853437957267,
    "medianResTime" : 1115.0,
    "minResTime" : 1090.0,
    "maxResTime" : 32602.0,
    "pct1ResTime" : 1636.0,
    "pct2ResTime" : 1782.0,
    "pct3ResTime" : 2439.0,
    "throughput" : 196.05107914138023,
    "receivedKBytesPerSec" : 130.53357301295068,
    "sentKBytesPerSec" : 103.28837110375696
  },
  "HTTP Request" : {
    "transaction" : "HTTP Request",
    "sampleCount" : 60152,
    "errorCount" : 389,
    "errorPct" : 0.646695,
    "meanResTime" : 1734.7853437957267,
    "medianResTime" : 1115.0,
    "minResTime" : 1090.0,
    "maxResTime" : 32602.0,
    "pct1ResTime" : 1636.0,
    "pct2ResTime" : 1782.0,
    "pct3ResTime" : 2439.0,
    "throughput" : 196.05107914138023,
    "receivedKBytesPerSec" : 130.53357301295068,
    "sentKBytesPerSec" : 103.28837110375696
  }
}