{
  "Total" : {
    "transaction" : "Total",
    "sampleCount" : 4515,
    "errorCount" : 0,
    "errorPct" : 0.0,
    "meanResTime" : 2880.999335548175,
    "medianResTime" : 2710.0,
    "minResTime" : 2501.0,
    "maxResTime" : 10199.0,
    "pct1ResTime" : 2998.0,
    "pct2ResTime" : 3434.2,
    "pct3ResTime" : 7757.200000000001,
    "throughput" : 14.892978364774066,
    "receivedKBytesPerSec" : 9.720134568697366,
    "sentKBytesPerSec" : 7.9264386804705715
  },
  "HTTP Request" : {
    "transaction" : "HTTP Request",
    "sampleCount" : 4515,
    "errorCount" : 0,
    "errorPct" : 0.0,
    "meanResTime" : 2880.999335548175,
    "medianResTime" : 2710.0,
    "minResTime" : 2501.0,
    "maxResTime" : 10199.0,
    "pct1ResTime" : 2998.0,
    "pct2ResTime" : 3434.2,
    "pct3ResTime" : 7757.200000000001,
    "throughput" : 14.892978364774066,
    "receivedKBytesPerSec" : 9.720134568697366,
    "sentKBytesPerSec" : 7.9264386804705715
  }
}