{
  "Total" : {
    "transaction" : "Total",
    "sampleCount" : 37625,
    "errorCount" : 0,
    "errorPct" : 0.0,
    "meanResTime" : 1368.70671096345,
    "medianResTime" : 1169.0,
    "minResTime" : 1127.0,
    "maxResTime" : 18013.0,
    "pct1ResTime" : 1458.0,
    "pct2ResTime" : 1589.0,
    "pct3ResTime" : 5201.980000000003,
    "throughput" : 122.9466681044483,
    "receivedKBytesPerSec" : 80.24368879727116,
    "sentKBytesPerSec" : 65.31541743048817
  },
  "HTTP Request" : {
    "transaction" : "HTTP Request",
    "sampleCount" : 37625,
    "errorCount" : 0,
    "errorPct" : 0.0,
    "meanResTime" : 1368.70671096345,
    "medianResTime" : 1169.0,
    "minResTime" : 1127.0,
    "maxResTime" : 18013.0,
    "pct1ResTime" : 1458.0,
    "pct2ResTime" : 1589.0,
    "pct3ResTime" : 5201.980000000003,
    "throughput" : 122.9466681044483,
    "receivedKBytesPerSec" : 80.24368879727116,
    "sentKBytesPerSec" : 65.31541743048817
  }
}