{
  "Total" : {
    "transaction" : "Total",
    "sampleCount" : 314614,
    "errorCount" : 56993,
    "errorPct" : 18.115213,
    "meanResTime" : 2817.1518400325263,
    "medianResTime" : 1422.0,
    "minResTime" : 37.0,
    "maxResTime" : 52826.0,
    "pct1ResTime" : 9173.900000000001,
    "pct2ResTime" : 10205.95,
    "pct3ResTime" : 10996.960000000006,
    "throughput" : 1014.4486397771279,
    "receivedKBytesPerSec" : 602.269363441451,
    "sentKBytesPerSec" : 535.6901659681089
  },
  "HTTP Request" : {
    "transaction" : "HTTP Request",
    "sampleCount" : 314614,
    "errorCount" : 56993,
    "errorPct" : 18.115213,
    "meanResTime" : 2817.1518400325263,
    "medianResTime" : 1422.0,
    "minResTime" : 37.0,
    "maxResTime" : 52826.0,
    "pct1ResTime" : 9173.900000000001,
    "pct2ResTime" : 10205.95,
    "pct3ResTime" : 10996.960000000006,
    "throughput" : 1014.4486397771279,
    "receivedKBytesPerSec" : 602.269363441451,
    "sentKBytesPerSec" : 535.6901659681089
  }
}