{
  "Total" : {
    "transaction" : "Total",
    "sampleCount" : 80351,
    "errorCount" : 135,
    "errorPct" : 0.16801284,
    "meanResTime" : 5149.245497878052,
    "medianResTime" : 174.0,
    "minResTime" : 9.0,
    "maxResTime" : 171347.0,
    "pct1ResTime" : 7233.0,
    "pct2ResTime" : 13726.200000000405,
    "pct3ResTime" : 35630.0,
    "throughput" : 250.31308216148184,
    "receivedKBytesPerSec" : 174.95267078261972,
    "sentKBytesPerSec" : 122.99397667304254
  },
  "HTTP Request" : {
    "transaction" : "HTTP Request",
    "sampleCount" : 80351,
    "errorCount" : 135,
    "errorPct" : 0.16801284,
    "meanResTime" : 5149.245497878052,
    "medianResTime" : 174.0,
    "minResTime" : 9.0,
    "maxResTime" : 171347.0,
    "pct1ResTime" : 7233.0,
    "pct2ResTime" : 13726.200000000405,
    "pct3ResTime" : 35630.0,
    "throughput" : 250.31308216148184,
    "receivedKBytesPerSec" : 174.95267078261972,
    "sentKBytesPerSec" : 122.99397667304254
  }
}