{
  "Total" : {
    "transaction" : "Total",
    "sampleCount" : 2400,
    "errorCount" : 0,
    "errorPct" : 0.0,
    "meanResTime" : 4615.237083333339,
    "medianResTime" : 4384.5,
    "minResTime" : 3595.0,
    "maxResTime" : 8740.0,
    "pct1ResTime" : 5416.400000000001,
    "pct2ResTime" : 6199.199999999997,
    "pct3ResTime" : 7602.909999999998,
    "throughput" : 7.905581010794412,
    "receivedKBytesPerSec" : 4.858892455893446,
    "sentKBytesPerSec" : 3.9064687416620822
  },
  "HTTP Request" : {
    "transaction" : "HTTP Request",
    "sampleCount" : 2400,
    "errorCount" : 0,
    "errorPct" : 0.0,
    "meanResTime" : 4615.237083333339,
    "medianResTime" : 4384.5,
    "minResTime" : 3595.0,
    "maxResTime" : 8740.0,
    "pct1ResTime" : 5416.400000000001,
    "pct2ResTime" : 6199.199999999997,
    "pct3ResTime" : 7602.909999999998,
    "throughput" : 7.905581010794412,
    "receivedKBytesPerSec" : 4.858892455893446,
    "sentKBytesPerSec" : 3.9064687416620822
  }
}