{
  "Total" : {
    "transaction" : "Total",
    "sampleCount" : 2405,
    "errorCount" : 0,
    "errorPct" : 0.0,
    "meanResTime" : 4359.0748440748375,
    "medianResTime" : 4212.0,
    "minResTime" : 3890.0,
    "maxResTime" : 42696.0,
    "pct1ResTime" : 4533.4,
    "pct2ResTime" : 4817.7,
    "pct3ResTime" : 8838.64,
    "throughput" : 7.900373173551983,
    "receivedKBytesPerSec" : 5.156357531716467,
    "sentKBytesPerSec" : 4.204788456626787
  },
  "HTTP Request" : {
    "transaction" : "HTTP Request",
    "sampleCount" : 2405,
    "errorCount" : 0,
    "errorPct" : 0.0,
    "meanResTime" : 4359.0748440748375,
    "medianResTime" : 4212.0,
    "minResTime" : 3890.0,
    "maxResTime" : 42696.0,
    "pct1ResTime" : 4533.4,
    "pct2ResTime" : 4817.7,
    "pct3ResTime" : 8838.64,
    "throughput" : 7.900373173551983,
    "receivedKBytesPerSec" : 5.156357531716467,
    "sentKBytesPerSec" : 4.204788456626787
  }
}