{
  "Total" : {
    "transaction" : "Total",
    "sampleCount" : 298464,
    "errorCount" : 58184,
    "errorPct" : 19.494478,
    "meanResTime" : 2345.8912297630604,
    "medianResTime" : 1391.5,
    "minResTime" : 0.0,
    "maxResTime" : 19635.0,
    "pct1ResTime" : 9045.700000000019,
    "pct2ResTime" : 9965.95,
    "pct3ResTime" : 10745.0,
    "throughput" : 960.7602026692076,
    "receivedKBytesPerSec" : 561.8609500038629,
    "sentKBytesPerSec" : 508.06761639858973
  },
  "HTTP Request" : {
    "transaction" : "HTTP Request",
    "sampleCount" : 298464,
    "errorCount" : 58184,
    "errorPct" : 19.494478,
    "meanResTime" : 2345.8912297630604,
    "medianResTime" : 1391.5,
    "minResTime" : 0.0,
    "maxResTime" : 19635.0,
    "pct1ResTime" : 9045.700000000019,
    "pct2ResTime" : 9965.95,
    "pct3ResTime" : 10745.0,
    "throughput" : 960.7602026692076,
    "receivedKBytesPerSec" : 561.8609500038629,
    "sentKBytesPerSec" : 508.06761639858973
  }
}