{
  "Total" : {
    "transaction" : "Total",
    "sampleCount" : 1500,
    "errorCount" : 0,
    "errorPct" : 0.0,
    "meanResTime" : 4536.863999999995,
    "medianResTime" : 4243.0,
    "minResTime" : 3847.0,
    "maxResTime" : 47307.0,
    "pct1ResTime" : 4803.8,
    "pct2ResTime" : 5413.5,
    "pct3ResTime" : 9606.150000000001,
    "throughput" : 4.950740135650279,
    "receivedKBytesPerSec" : 3.231231408939386,
    "sentKBytesPerSec" : 2.634915404227932
  },
  "HTTP Request" : {
    "transaction" : "HTTP Request",
    "sampleCount" : 1500,
    "errorCount" : 0,
    "errorPct" : 0.0,
    "meanResTime" : 4536.863999999995,
    "medianResTime" : 4243.0,
    "minResTime" : 3847.0,
    "maxResTime" : 47307.0,
    "pct1ResTime" : 4803.8,
    "pct2ResTime" : 5413.5,
    "pct3ResTime" : 9606.150000000001,
    "throughput" : 4.950740135650279,
    "receivedKBytesPerSec" : 3.231231408939386,
    "sentKBytesPerSec" : 2.634915404227932
  }
}