{
  "Total" : {
    "transaction" : "Total",
    "sampleCount" : 27600,
    "errorCount" : 20,
    "errorPct" : 0.072463766,
    "meanResTime" : 13203.493840579738,
    "medianResTime" : 112.0,
    "minResTime" : 15.0,
    "maxResTime" : 231821.0,
    "pct1ResTime" : 23075.9,
    "pct2ResTime" : 76097.95,
    "pct3ResTime" : 136227.4800000004,
    "throughput" : 70.82298359780758,
    "receivedKBytesPerSec" : 48.275552165874615,
    "sentKBytesPerSec" : 34.90204063532835
  },
  "HTTP Request" : {
    "transaction" : "HTTP Request",
    "sampleCount" : 27600,
    "errorCount" : 20,
    "errorPct" : 0.072463766,
    "meanResTime" : 13203.493840579738,
    "medianResTime" : 112.0,
    "minResTime" : 15.0,
    "maxResTime" : 231821.0,
    "pct1ResTime" : 23075.9,
    "pct2ResTime" : 76097.95,
    "pct3ResTime" : 136227.4800000004,
    "throughput" : 70.82298359780758,
    "receivedKBytesPerSec" : 48.275552165874615,
    "sentKBytesPerSec" : 34.90204063532835
  }
}