{
  "Total" : {
    "transaction" : "Total",
    "sampleCount" : 1800,
    "errorCount" : 0,
    "errorPct" : 0.0,
    "meanResTime" : 4372.986111111107,
    "medianResTime" : 4201.5,
    "minResTime" : 3569.0,
    "maxResTime" : 7733.0,
    "pct1ResTime" : 4922.700000000001,
    "pct2ResTime" : 5789.949999999996,
    "pct3ResTime" : 6968.96,
    "throughput" : 5.933094471344802,
    "receivedKBytesPerSec" : 3.64641638518803,
    "sentKBytesPerSec" : 2.931783010254365
  },
  "HTTP Request" : {
    "transaction" : "HTTP Request",
    "sampleCount" : 1800,
    "errorCount" : 0,
    "errorPct" : 0.0,
    "meanResTime" : 4372.986111111107,
    "medianResTime" : 4201.5,
    "minResTime" : 3569.0,
    "maxResTime" : 7733.0,
    "pct1ResTime" : 4922.700000000001,
    "pct2ResTime" : 5789.949999999996,
    "pct3ResTime" : 6968.96,
    "throughput" : 5.933094471344802,
    "receivedKBytesPerSec" : 3.64641638518803,
    "sentKBytesPerSec" : 2.931783010254365
  }
}