{
  "Total" : {
    "transaction" : "Total",
    "sampleCount" : 6000,
    "errorCount" : 0,
    "errorPct" : 0.0,
    "meanResTime" : 2103.816166666662,
    "medianResTime" : 1954.0,
    "minResTime" : 1826.0,
    "maxResTime" : 13407.0,
    "pct1ResTime" : 2186.0,
    "pct2ResTime" : 2432.8999999999996,
    "pct3ResTime" : 6725.8399999999965,
    "throughput" : 19.64546484444066,
    "receivedKBytesPerSec" : 12.822048770275757,
    "sentKBytesPerSec" : 10.45583822287125
  },
  "HTTP Request" : {
    "transaction" : "HTTP Request",
    "sampleCount" : 6000,
    "errorCount" : 0,
    "errorPct" : 0.0,
    "meanResTime" : 2103.816166666662,
    "medianResTime" : 1954.0,
    "minResTime" : 1826.0,
    "maxResTime" : 13407.0,
    "pct1ResTime" : 2186.0,
    "pct2ResTime" : 2432.8999999999996,
    "pct3ResTime" : 6725.8399999999965,
    "throughput" : 19.64546484444066,
    "receivedKBytesPerSec" : 12.822048770275757,
    "sentKBytesPerSec" : 10.45583822287125
  }
}