{
  "Total" : {
    "transaction" : "Total",
    "sampleCount" : 100270,
    "errorCount" : 75,
    "errorPct" : 0.07479805,
    "meanResTime" : 1432.362571058168,
    "medianResTime" : 1111.0,
    "minResTime" : 12.0,
    "maxResTime" : 15991.0,
    "pct1ResTime" : 1796.0,
    "pct2ResTime" : 1956.0,
    "pct3ResTime" : 2309.0,
    "throughput" : 327.62941639682793,
    "receivedKBytesPerSec" : 214.28812659901908,
    "sentKBytesPerSec" : 173.6049604921793
  },
  "HTTP Request" : {
    "transaction" : "HTTP Request",
    "sampleCount" : 100270,
    "errorCount" : 75,
    "errorPct" : 0.07479805,
    "meanResTime" : 1432.362571058168,
    "medianResTime" : 1111.0,
    "minResTime" : 12.0,
    "maxResTime" : 15991.0,
    "pct1ResTime" : 1796.0,
    "pct2ResTime" : 1956.0,
    "pct3ResTime" : 2309.0,
    "throughput" : 327.62941639682793,
    "receivedKBytesPerSec" : 214.28812659901908,
    "sentKBytesPerSec" : 173.6049604921793
  }
}