{
  "Total" : {
    "transaction" : "Total",
    "sampleCount" : 5117,
    "errorCount" : 0,
    "errorPct" : 0.0,
    "meanResTime" : 2091.182137971468,
    "medianResTime" : 1216.0,
    "minResTime" : 126.0,
    "maxResTime" : 101145.0,
    "pct1ResTime" : 1487.1999999999998,
    "pct2ResTime" : 6731.099999999994,
    "pct3ResTime" : 22452.099999999984,
    "throughput" : 16.989445095571856,
    "receivedKBytesPerSec" : 11.092529827814612,
    "sentKBytesPerSec" : 9.009051452046403
  },
  "HTTP Request" : {
    "transaction" : "HTTP Request",
    "sampleCount" : 5117,
    "errorCount" : 0,
    "errorPct" : 0.0,
    "meanResTime" : 2091.182137971468,
    "medianResTime" : 1216.0,
    "minResTime" : 126.0,
    "maxResTime" : 101145.0,
    "pct1ResTime" : 1487.1999999999998,
    "pct2ResTime" : 6731.099999999994,
    "pct3ResTime" : 22452.099999999984,
    "throughput" : 16.989445095571856,
    "receivedKBytesPerSec" : 11.092529827814612,
    "sentKBytesPerSec" : 9.009051452046403
  }
}