{
  "Total" : {
    "transaction" : "Total",
    "sampleCount" : 60360,
    "errorCount" : 407,
    "errorPct" : 0.6742876,
    "meanResTime" : 8334.333366467918,
    "medianResTime" : 211.0,
    "minResTime" : 3.0,
    "maxResTime" : 190180.0,
    "pct1ResTime" : 9980.800000000017,
    "pct2ResTime" : 23470.0,
    "pct3ResTime" : 100329.99,
    "throughput" : 169.29804140453425,
    "receivedKBytesPerSec" : 118.89393087925734,
    "sentKBytesPerSec" : 82.76452030117999
  },
  "HTTP Request" : {
    "transaction" : "HTTP Request",
    "sampleCount" : 60360,
    "errorCount" : 407,
    "errorPct" : 0.6742876,
    "meanResTime" : 8334.333366467918,
    "medianResTime" : 211.0,
    "minResTime" : 3.0,
    "maxResTime" : 190180.0,
    "pct1ResTime" : 9980.800000000017,
    "pct2ResTime" : 23470.0,
    "pct3ResTime" : 100329.99,
    "throughput" : 169.29804140453425,
    "receivedKBytesPerSec" : 118.89393087925734,
    "sentKBytesPerSec" : 82.76452030117999
  }
}