{
  "Total" : {
    "transaction" : "Total",
    "sampleCount" : 2100,
    "errorCount" : 0,
    "errorPct" : 0.0,
    "meanResTime" : 4443.705714285715,
    "medianResTime" : 4198.0,
    "minResTime" : 3877.0,
    "maxResTime" : 38195.0,
    "pct1ResTime" : 4574.8,
    "pct2ResTime" : 5184.649999999999,
    "pct3ResTime" : 9456.849999999997,
    "throughput" : 6.99897348388903,
    "receivedKBytesPerSec" : 4.5681288358957355,
    "sentKBytesPerSec" : 3.7250395983589075
  },
  "HTTP Request" : {
    "transaction" : "HTTP Request",
    "sampleCount" : 2100,
    "errorCount" : 0,
    "errorPct" : 0.0,
    "meanResTime" : 4443.705714285715,
    "medianResTime" : 4198.0,
    "minResTime" : 3877.0,
    "maxResTime" : 38195.0,
    "pct1ResTime" : 4574.8,
    "pct2ResTime" : 5184.649999999999,
    "pct3ResTime" : 9456.849999999997,
    "throughput" : 6.99897348388903,
    "receivedKBytesPerSec" : 4.5681288358957355,
    "sentKBytesPerSec" : 3.7250395983589075
  }
}