{
  "Total" : {
    "transaction" : "Total",
    "sampleCount" : 269867,
    "errorCount" : 21711,
    "errorPct" : 8.045074,
    "meanResTime" : 2822.6010738623777,
    "medianResTime" : 2106.0,
    "minResTime" : 36.0,
    "maxResTime" : 21178.0,
    "pct1ResTime" : 6082.0,
    "pct2ResTime" : 7593.9000000000015,
    "pct3ResTime" : 10380.980000000003,
    "throughput" : 867.2543335882817,
    "receivedKBytesPerSec" : 540.003138190972,
    "sentKBytesPerSec" : 459.8444463296661
  },
  "HTTP Request" : {
    "transaction" : "HTTP Request",
    "sampleCount" : 269867,
    "errorCount" : 21711,
    "errorPct" : 8.045074,
    "meanResTime" : 2822.6010738623777,
    "medianResTime" : 2106.0,
    "minResTime" : 36.0,
    "maxResTime" : 21178.0,
    "pct1ResTime" : 6082.0,
    "pct2ResTime" : 7593.9000000000015,
    "pct3ResTime" : 10380.980000000003,
    "throughput" : 867.2543335882817,
    "receivedKBytesPerSec" : 540.003138190972,
    "sentKBytesPerSec" : 459.8444463296661
  }
}