{
  "Total" : {
    "transaction" : "Total",
    "sampleCount" : 2408,
    "errorCount" : 0,
    "errorPct" : 0.0,
    "meanResTime" : 2969.625830564783,
    "medianResTime" : 2840.0,
    "minResTime" : 2330.0,
    "maxResTime" : 6629.0,
    "pct1ResTime" : 3381.1,
    "pct2ResTime" : 3977.0999999999995,
    "pct3ResTime" : 5269.91,
    "throughput" : 7.966677584455715,
    "receivedKBytesPerSec" : 4.896207727685527,
    "sentKBytesPerSec" : 3.936659040756437
  },
  "HTTP Request" : {
    "transaction" : "HTTP Request",
    "sampleCount" : 2408,
    "errorCount" : 0,
    "errorPct" : 0.0,
    "meanResTime" : 2969.625830564783,
    "medianResTime" : 2840.0,
    "minResTime" : 2330.0,
    "maxResTime" : 6629.0,
    "pct1ResTime" : 3381.1,
    "pct2ResTime" : 3977.0999999999995,
    "pct3ResTime" : 5269.91,
    "throughput" : 7.966677584455715,
    "receivedKBytesPerSec" : 4.896207727685527,
    "sentKBytesPerSec" : 3.936659040756437
  }
}