{
  "Total" : {
    "transaction" : "Total",
    "sampleCount" : 360659,
    "errorCount" : 85753,
    "errorPct" : 23.776752,
    "meanResTime" : 2473.7471545143176,
    "medianResTime" : 1515.0,
    "minResTime" : 37.0,
    "maxResTime" : 18714.0,
    "pct1ResTime" : 8190.9000000000015,
    "pct2ResTime" : 9438.95,
    "pct3ResTime" : 10786.980000000003,
    "throughput" : 1162.583569185938,
    "receivedKBytesPerSec" : 664.0890214558043,
    "sentKBytesPerSec" : 614.4274364910451
  },
  "HTTP Request" : {
    "transaction" : "HTTP Request",
    "sampleCount" : 360659,
    "errorCount" : 85753,
    "errorPct" : 23.776752,
    "meanResTime" : 2473.7471545143176,
    "medianResTime" : 1515.0,
    "minResTime" : 37.0,
    "maxResTime" : 18714.0,
    "pct1ResTime" : 8190.9000000000015,
    "pct2ResTime" : 9438.95,
    "pct3ResTime" : 10786.980000000003,
    "throughput" : 1162.583569185938,
    "receivedKBytesPerSec" : 664.0890214558043,
    "sentKBytesPerSec" : 614.4274364910451
  }
}