{
  "Total" : {
    "transaction" : "Total",
    "sampleCount" : 30000,
    "errorCount" : 0,
    "errorPct" : 0.0,
    "meanResTime" : 1324.6487666666692,
    "medianResTime" : 1118.0,
    "minResTime" : 1090.0,
    "maxResTime" : 8302.0,
    "pct1ResTime" : 1437.0,
    "pct2ResTime" : 1571.0,
    "pct3ResTime" : 5013.950000000008,
    "throughput" : 99.59101290699527,
    "receivedKBytesPerSec" : 65.00070375055604,
    "sentKBytesPerSec" : 52.810468758299244
  },
  "HTTP Request" : {
    "transaction" : "HTTP Request",
    "sampleCount" : 30000,
    "errorCount" : 0,
    "errorPct" : 0.0,
    "meanResTime" : 1324.6487666666692,
    "medianResTime" : 1118.0,
    "minResTime" : 1090.0,
    "maxResTime" : 8302.0,
    "pct1ResTime" : 1437.0,
    "pct2ResTime" : 1571.0,
    "pct3ResTime" : 5013.950000000008,
    "throughput" : 99.59101290699527,
    "receivedKBytesPerSec" : 65.00070375055604,
    "sentKBytesPerSec" : 52.810468758299244
  }
}