{
  "Total" : {
    "transaction" : "Total",
    "sampleCount" : 45144,
    "errorCount" : 0,
    "errorPct" : 0.0,
    "meanResTime" : 1438.5070441254666,
    "medianResTime" : 1132.0,
    "minResTime" : 1105.0,
    "maxResTime" : 12794.0,
    "pct1ResTime" : 1453.0,
    "pct2ResTime" : 1580.9500000000007,
    "pct3ResTime" : 5861.980000000003,
    "throughput" : 148.35116084191847,
    "receivedKBytesPerSec" : 96.82450712484184,
    "sentKBytesPerSec" : 78.6666800167595
  },
  "HTTP Request" : {
    "transaction" : "HTTP Request",
    "sampleCount" : 45144,
    "errorCount" : 0,
    "errorPct" : 0.0,
    "meanResTime" : 1438.5070441254666,
    "medianResTime" : 1132.0,
    "minResTime" : 1105.0,
    "maxResTime" : 12794.0,
    "pct1ResTime" : 1453.0,
    "pct2ResTime" : 1580.9500000000007,
    "pct3ResTime" : 5861.980000000003,
    "throughput" : 148.35116084191847,
    "receivedKBytesPerSec" : 96.82450712484184,
    "sentKBytesPerSec" : 78.6666800167595
  }
}