{
  "Total" : {
    "transaction" : "Total",
    "sampleCount" : 50249,
    "errorCount" : 9,
    "errorPct" : 0.017910805,
    "meanResTime" : 1541.0076618440025,
    "medianResTime" : 1115.0,
    "minResTime" : 10.0,
    "maxResTime" : 16981.0,
    "pct1ResTime" : 1411.0,
    "pct2ResTime" : 1487.0,
    "pct3ResTime" : 5047.990000000002,
    "throughput" : 164.1571627850756,
    "receivedKBytesPerSec" : 107.19673823537339,
    "sentKBytesPerSec" : 87.03432430730015
  },
  "HTTP Request" : {
    "transaction" : "HTTP Request",
    "sampleCount" : 50249,
    "errorCount" : 9,
    "errorPct" : 0.017910805,
    "meanResTime" : 1541.0076618440025,
    "medianResTime" : 1115.0,
    "minResTime" : 10.0,
    "maxResTime" : 16981.0,
    "pct1ResTime" : 1411.0,
    "pct2ResTime" : 1487.0,
    "pct3ResTime" : 5047.990000000002,
    "throughput" : 164.1571627850756,
    "receivedKBytesPerSec" : 107.19673823537339,
    "sentKBytesPerSec" : 87.03432430730015
  }
}