{
  "Total" : {
    "transaction" : "Total",
    "sampleCount" : 6000,
    "errorCount" : 0,
    "errorPct" : 0.0,
    "meanResTime" : 2822.0708333333228,
    "medianResTime" : 2549.5,
    "minResTime" : 1744.0,
    "maxResTime" : 6265.0,
    "pct1ResTime" : 4020.0,
    "pct2ResTime" : 4439.0,
    "pct3ResTime" : 5100.9299999999985,
    "throughput" : 20.089263293232932,
    "receivedKBytesPerSec" : 12.34686318186308,
    "sentKBytesPerSec" : 9.92692111950768
  },
  "HTTP Request" : {
    "transaction" : "HTTP Request",
    "sampleCount" : 6000,
    "errorCount" : 0,
    "errorPct" : 0.0,
    "meanResTime" : 2822.0708333333228,
    "medianResTime" : 2549.5,
    "minResTime" : 1744.0,
    "maxResTime" : 6265.0,
    "pct1ResTime" : 4020.0,
    "pct2ResTime" : 4439.0,
    "pct3ResTime" : 5100.9299999999985,
    "throughput" : 20.089263293232932,
    "receivedKBytesPerSec" : 12.34686318186308,
    "sentKBytesPerSec" : 9.92692111950768
  }
}