{
  "Total" : {
    "transaction" : "Total",
    "sampleCount" : 80516,
    "errorCount" : 120,
    "errorPct" : 0.1490387,
    "meanResTime" : 4662.485505986381,
    "medianResTime" : 178.0,
    "minResTime" : 7.0,
    "maxResTime" : 196915.0,
    "pct1ResTime" : 12075.0,
    "pct2ResTime" : 14662.0,
    "pct3ResTime" : 29022.0,
    "throughput" : 249.47403971581102,
    "receivedKBytesPerSec" : 173.95080388071935,
    "sentKBytesPerSec" : 122.6050022773538
  },
  "HTTP Request" : {
    "transaction" : "HTTP Request",
    "sampleCount" : 80516,
    "errorCount" : 120,
    "errorPct" : 0.1490387,
    "meanResTime" : 4662.485505986381,
    "medianResTime" : 178.0,
    "minResTime" : 7.0,
    "maxResTime" : 196915.0,
    "pct1ResTime" : 12075.0,
    "pct2ResTime" : 14662.0,
    "pct3ResTime" : 29022.0,
    "throughput" : 249.47403971581102,
    "receivedKBytesPerSec" : 173.95080388071935,
    "sentKBytesPerSec" : 122.6050022773538
  }
}